Gemeinde,PaxGas,PaxElektrizität,PaxÖl,PaxKeine,PaxUnbestimmt,PaxWeitere
Aadorf,3053.0,374.0,2995.0,2.0,1386.0,1611.0
Aarau,8276.0,699.0,8299.0,0.0,2884.0,1607.0
Aarberg,797.0,225.0,1993.0,4.0,1276.0,327.0
Aarburg,3095.0,223.0,3027.0,2.0,1708.0,600.0
Aarwangen,95.0,148.0,2544.0,5.0,1325.0,637.0
Abtwil,0.0,20.0,368.0,0.0,393.0,211.0
Aclens,264.0,48.0,141.0,0.0,36.0,36.0
Acquarossa,28.0,905.0,474.0,2.0,302.0,254.0
Adelboden,0.0,101.0,1927.0,0.0,323.0,1147.0
Adligenswil,15.0,812.0,2278.0,0.0,1309.0,1047.0
Adlikon,3.0,70.0,187.0,0.0,266.0,210.0
Adliswil,5838.0,326.0,7607.0,122.0,3188.0,2069.0
Aedermannsdorf,0.0,8.0,323.0,0.0,67.0,198.0
Aefligen,421.0,14.0,294.0,0.0,312.0,109.0
Aegerten,0.0,168.0,1153.0,33.0,609.0,347.0
Aesch (BL),4460.0,49.0,2272.0,1589.0,9.0,2185.0
Aesch (LU),3.0,87.0,435.0,0.0,504.0,307.0
Aesch (ZH),0.0,51.0,620.0,0.0,700.0,331.0
Aeschi (SO),6.0,23.0,643.0,12.0,246.0,398.0
Aeschi bei Spiez,9.0,147.0,1113.0,0.0,444.0,621.0
Aeugst am Albis,4.0,47.0,567.0,0.0,1056.0,330.0
Affeltrangen,209.0,135.0,1209.0,11.0,423.0,700.0
Affoltern am Albis,31.0,630.0,6190.0,13.0,3058.0,2482.0
Affoltern im Emmental,0.0,61.0,394.0,4.0,176.0,584.0
Agarn,10.0,74.0,439.0,5.0,127.0,49.0
Agiez,202.0,25.0,61.0,4.0,24.0,79.0
Agno,464.0,315.0,2790.0,2.0,522.0,284.0
Aigle,7080.0,262.0,2480.0,33.0,528.0,444.0
Aire-la-Ville,86.0,150.0,580.0,0.0,56.0,272.0
Airolo,7.0,412.0,680.0,2.0,180.0,185.0
Alberswil,0.0,16.0,321.0,0.0,215.0,107.0
Albinen,0.0,84.0,78.0,0.0,33.0,66.0
Albula/Alvra,3.0,340.0,443.0,0.0,176.0,369.0
Alchenstorf,4.0,10.0,188.0,8.0,118.0,284.0
Allaman,5.0,66.0,276.0,0.0,52.0,52.0
Alle,0.0,114.0,1008.0,0.0,486.0,301.0
Allmendingen,18.0,79.0,208.0,0.0,88.0,201.0
Allschwil,10050.0,239.0,4413.0,3371.0,21.0,3250.0
Alpnach,2.0,311.0,2571.0,17.0,1224.0,2097.0
Alpthal,5.0,120.0,134.0,8.0,121.0,261.0
Altbüron,0.0,36.0,286.0,0.0,316.0,424.0
Altdorf (UR),0.0,670.0,4601.0,0.0,2235.0,2155.0
Altendorf,1170.0,561.0,2857.0,1.0,1527.0,1215.0
Altikon,0.0,20.0,306.0,0.0,207.0,196.0
Altishofen,0.0,107.0,850.0,0.0,399.0,641.0
Altnau,853.0,22.0,694.0,4.0,495.0,261.0
Alto Malcantone,27.0,338.0,570.0,0.0,331.0,144.0
Altstätten,2338.0,148.0,4776.0,6.0,1537.0,3480.0
Amden,1.0,119.0,705.0,6.0,411.0,776.0
Amlikon-Bissegg,10.0,33.0,501.0,12.0,387.0,453.0
Ammerswil,0.0,41.0,283.0,0.0,265.0,147.0
Amriswil,4231.0,246.0,5344.0,15.0,2674.0,1826.0
Amsoldingen,4.0,24.0,401.0,9.0,116.0,242.0
Andeer,0.0,119.0,145.0,0.0,387.0,288.0
Andelfingen,3.0,227.0,713.0,0.0,687.0,611.0
Andermatt,0.0,67.0,851.0,0.0,178.0,453.0
Andwil (SG),0.0,55.0,872.0,0.0,781.0,391.0
Anières,1014.0,159.0,998.0,3.0,235.0,40.0
Anniviers,10.0,1124.0,877.0,6.0,408.0,471.0
Anwil,0.0,4.0,129.0,84.0,0.0,311.0
Appenzell,365.0,178.0,2663.0,19.0,1755.0,961.0
Aranno,2.0,35.0,207.0,0.0,93.0,33.0
Arbaz,10.0,287.0,457.0,0.0,356.0,317.0
Arbedo-Castione,128.0,564.0,2850.0,3.0,1481.0,101.0
Arboldswil,2.0,15.0,202.0,71.0,0.0,300.0
Arbon,3673.0,317.0,6850.0,11.0,1812.0,2519.0
Arch,375.0,84.0,766.0,3.0,263.0,232.0
Ardon,450.0,339.0,1322.0,3.0,1009.0,303.0
Arisdorf,0.0,32.0,784.0,207.0,14.0,704.0
Aristau,0.0,17.0,689.0,0.0,507.0,351.0
Arlesheim,4154.0,49.0,1854.0,1363.0,8.0,1752.0
Arnex-sur-Nyon,5.0,19.0,92.0,0.0,56.0,60.0
Arnex-sur-Orbe,339.0,47.0,139.0,0.0,65.0,88.0
Arni (AG),23.0,38.0,1032.0,3.0,408.0,393.0
Arni (BE),0.0,31.0,260.0,20.0,84.0,604.0
Arogno,21.0,225.0,484.0,9.0,176.0,100.0
Arosa,9.0,338.0,1887.0,4.0,279.0,723.0
Arth,593.0,479.0,6224.0,10.0,2405.0,2707.0
Arzier-Le Muids,84.0,664.0,1013.0,0.0,620.0,618.0
Ascona,9.0,913.0,3176.0,0.0,1117.0,173.0
Assens,648.0,190.0,567.0,6.0,168.0,97.0
Astano,1.0,78.0,163.0,0.0,48.0,22.0
Attalens,459.0,290.0,1242.0,0.0,842.0,831.0
Attinghausen,0.0,188.0,498.0,0.0,621.0,464.0
Attiswil,3.0,65.0,911.0,6.0,313.0,211.0
Au (SG),1711.0,134.0,3848.0,5.0,1875.0,613.0
Aubonne,2034.0,295.0,1111.0,6.0,198.0,215.0
Auboranges,5.0,18.0,149.0,0.0,99.0,33.0
Auenstein,0.0,149.0,785.0,0.0,562.0,168.0
Augst,474.0,19.0,237.0,178.0,0.0,151.0
Ausserberg,0.0,46.0,291.0,0.0,77.0,232.0
Auswil,3.0,14.0,161.0,0.0,92.0,224.0
Autigny,7.0,70.0,307.0,0.0,262.0,157.0
Auw,2.0,123.0,841.0,0.0,725.0,600.0
Avegno Gordevio,5.0,403.0,612.0,1.0,465.0,79.0
Avenches,292.0,281.0,2104.0,7.0,530.0,1441.0
Avers,0.0,45.0,24.0,0.0,27.0,97.0
Avry,163.0,115.0,781.0,2.0,623.0,236.0
Avully,22.0,58.0,1581.0,0.0,30.0,39.0
Avusy,151.0,172.0,874.0,1.0,109.0,70.0
Ayent,90.0,677.0,1385.0,16.0,852.0,1278.0
Baar,7555.0,693.0,11679.0,34.0,3081.0,1861.0
Bachenbülach,167.0,70.0,1754.0,0.0,1914.0,317.0
Bachs,2.0,20.0,258.0,0.0,164.0,198.0
Bad Ragaz,25.0,149.0,3872.0,7.0,1847.0,666.0
Baden,6125.0,475.0,7418.0,5.0,2973.0,2681.0
Balerna,1074.0,363.0,1594.0,0.0,237.0,60.0
Balgach,1509.0,55.0,1787.0,12.0,1070.0,562.0
Ballaigues,476.0,32.0,476.0,0.0,51.0,147.0
Ballens,267.0,20.0,222.0,0.0,6.0,60.0
Ballwil,39.0,118.0,901.0,3.0,741.0,883.0
Balm bei Günsberg,0.0,26.0,95.0,0.0,65.0,48.0
Balsthal,501.0,174.0,4056.0,0.0,1012.0,580.0
Baltschieder,28.0,70.0,578.0,1.0,530.0,132.0
Bannwil,0.0,51.0,327.0,0.0,170.0,149.0
Bardonnex,1200.0,116.0,933.0,0.0,216.0,35.0
Bargen (BE),91.0,8.0,469.0,12.0,206.0,300.0
Bargen (SH),3.0,16.0,139.0,0.0,77.0,99.0
Bas-Intyamon,1.0,107.0,605.0,4.0,507.0,391.0
Basadingen-Schlattingen,23.0,88.0,739.0,0.0,662.0,361.0
Basel,57651.0,642.0,14788.0,1874.0,3975.0,93984.0
Basse-Allaine,0.0,101.0,792.0,0.0,139.0,236.0
Bassersdorf,13.0,161.0,7329.0,0.0,3254.0,1208.0
Bassins,122.0,201.0,652.0,0.0,173.0,342.0
Baulmes,3.0,63.0,406.0,0.0,59.0,603.0
Bauma,9.0,291.0,2240.0,23.0,1291.0,1136.0
Bavois,15.0,96.0,519.0,2.0,161.0,196.0
Beatenberg,0.0,117.0,611.0,2.0,120.0,439.0
Beckenried,6.0,415.0,1499.0,7.0,953.0,889.0
Bedano,134.0,218.0,830.0,0.0,341.0,34.0
Bedigliora,9.0,156.0,280.0,1.0,133.0,33.0
Bedretto,0.0,41.0,13.0,0.0,11.0,49.0
Beggingen,0.0,34.0,233.0,0.0,37.0,191.0
Begnins,35.0,206.0,1082.0,0.0,297.0,347.0
Beinwil (Freiamt),0.0,62.0,424.0,0.0,438.0,295.0
Beinwil (SO),3.0,8.0,104.0,0.0,17.0,180.0
Beinwil am See,10.0,91.0,1707.0,14.0,1267.0,375.0
Belfaux,420.0,237.0,1148.0,0.0,949.0,619.0
Bellach,2002.0,49.0,2193.0,0.0,566.0,578.0
Bellevue,1680.0,241.0,1088.0,0.0,436.0,120.0
Bellikon,0.0,23.0,943.0,0.0,435.0,180.0
Bellinzona,1166.0,5469.0,25087.0,29.0,9361.0,2938.0
Bellmund,12.0,61.0,830.0,12.0,610.0,267.0
Bellwald,0.0,174.0,133.0,1.0,12.0,53.0
Belmont-Broye,310.0,310.0,2022.0,0.0,1838.0,1360.0
Belmont-sur-Lausanne,261.0,207.0,2656.0,0.0,487.0,259.0
Belmont-sur-Yverdon,20.0,40.0,207.0,0.0,78.0,78.0
Belp,560.0,279.0,6564.0,21.0,2219.0,1984.0
Belprahon,0.0,31.0,181.0,0.0,43.0,29.0
Benken (SG),13.0,105.0,1095.0,1.0,1039.0,831.0
Benken (ZH),0.0,19.0,350.0,0.0,212.0,285.0
Bennwil,0.0,16.0,144.0,107.0,0.0,398.0
Bercher,581.0,142.0,313.0,0.0,178.0,119.0
Berg (SG),3.0,15.0,453.0,0.0,282.0,149.0
Berg (TG),1405.0,78.0,786.0,3.0,759.0,453.0
Berg am Irchel,7.0,27.0,187.0,0.0,176.0,241.0
Bergdietikon,0.0,194.0,1476.0,0.0,711.0,526.0
Bergün Filisur,1.0,97.0,427.0,0.0,134.0,274.0
Berikon,7.0,139.0,3258.0,2.0,1081.0,298.0
Beringen,982.0,180.0,1836.0,0.0,1206.0,921.0
Berken,0.0,3.0,5.0,0.0,5.0,33.0
Berlingen,389.0,67.0,236.0,3.0,90.0,133.0
Bern,56373.0,1794.0,45872.0,23.0,15744.0,14543.0
Berneck,983.0,72.0,1595.0,17.0,894.0,503.0
Bernex,2317.0,488.0,5809.0,17.0,876.0,707.0
Berolle,109.0,32.0,94.0,0.0,18.0,81.0
Beromünster,47.0,205.0,2545.0,0.0,2062.0,1903.0
Besenbüren,0.0,1.0,236.0,0.0,247.0,157.0
Bettenhausen,148.0,58.0,156.0,0.0,95.0,199.0
Bettens,360.0,29.0,149.0,0.0,38.0,58.0
Bettingen,683.0,12.0,335.0,41.0,32.0,114.0
Bettlach,1624.0,91.0,1991.0,0.0,605.0,705.0
Bettmeralp,0.0,275.0,77.0,0.0,58.0,66.0
Bettwiesen,236.0,43.0,551.0,4.0,242.0,187.0
Bettwil,26.0,23.0,201.0,0.0,214.0,218.0
Beurnevésin,3.0,3.0,63.0,0.0,14.0,47.0
Bever,0.0,32.0,413.0,0.0,107.0,64.0
Bex,4215.0,246.0,2533.0,4.0,415.0,882.0
Biasca,39.0,1549.0,2541.0,4.0,1469.0,561.0
Biberist,3760.0,196.0,3041.0,2.0,1535.0,704.0
Biberstein,3.0,282.0,588.0,2.0,502.0,248.0
Bichelsee-Balterswil,120.0,126.0,1280.0,6.0,535.0,1025.0
Biel-Benken,0.0,60.0,1435.0,796.0,6.0,1285.0
Biel/Bienne,26838.0,774.0,17167.0,0.0,6806.0,3576.0
Bielersee (BE),14.0,6.0,54.0,5.0,49.0,8.0
Bielersee (NE),0.0,2.0,8.0,0.0,3.0,4.0
Biezwil,0.0,17.0,178.0,0.0,38.0,138.0
Biglen,48.0,61.0,920.0,0.0,515.0,339.0
Billens-Hennens,9.0,48.0,348.0,0.0,285.0,195.0
Binn,2.0,28.0,31.0,0.0,0.0,78.0
Binningen,6953.0,124.0,2952.0,2602.0,12.0,3255.0
Bioggio,430.0,298.0,1402.0,5.0,511.0,82.0
Bioley-Magnoux,14.0,8.0,126.0,0.0,45.0,43.0
Birmensdorf (ZH),255.0,201.0,3781.0,6.0,1972.0,756.0
Birmenstorf (AG),104.0,62.0,1595.0,6.0,607.0,610.0
Birr,2514.0,185.0,672.0,3.0,842.0,187.0
Birrhard,66.0,60.0,341.0,4.0,231.0,67.0
Birrwil,2.0,48.0,499.0,4.0,450.0,287.0
Birsfelden,3894.0,106.0,2085.0,1859.0,39.0,2382.0
Birwinken,3.0,67.0,577.0,7.0,268.0,447.0
Bischofszell,1341.0,179.0,2531.0,2.0,1066.0,879.0
Bissone,40.0,144.0,670.0,0.0,129.0,11.0
Bister,0.0,18.0,6.0,0.0,1.0,21.0
Bitsch,5.0,139.0,387.0,0.0,102.0,454.0
Bière,430.0,139.0,888.0,0.0,74.0,113.0
Blatten,0.0,49.0,124.0,1.0,44.0,85.0
Blauen,0.0,51.0,290.0,100.0,0.0,265.0
Bleienbach,15.0,31.0,252.0,2.0,170.0,279.0
Blenio,42.0,664.0,524.0,1.0,280.0,325.0
Blonay - Saint-Légier,6507.0,655.0,2696.0,10.0,1236.0,1204.0
Blumenstein,0.0,30.0,649.0,0.0,179.0,431.0
Bodensee (SG),20.0,0.0,12.0,0.0,25.0,0.0
Bodensee (TG),95.0,20.0,51.0,3.0,7.0,29.0
Bodio,7.0,271.0,507.0,2.0,107.0,24.0
Bofflens,72.0,34.0,34.0,2.0,25.0,42.0
Bogis-Bossey,0.0,416.0,234.0,0.0,131.0,83.0
Bois-d'Amont,6.0,177.0,773.0,2.0,907.0,466.0
Bolken,5.0,19.0,288.0,2.0,136.0,146.0
Bolligen,0.0,322.0,3486.0,0.0,1458.0,1241.0
Boltigen,0.0,59.0,405.0,4.0,91.0,781.0
Bonaduz,0.0,80.0,2017.0,0.0,1200.0,211.0
Boncourt,3.0,84.0,816.0,8.0,147.0,113.0
Bonfol,0.0,44.0,412.0,3.0,69.0,135.0
Boningen,6.0,17.0,354.0,0.0,197.0,221.0
Boniswil,3.0,91.0,805.0,0.0,361.0,283.0
Bonstetten,387.0,56.0,2375.0,9.0,2078.0,832.0
Bonvillars,0.0,50.0,290.0,4.0,79.0,70.0
Boppelsen,0.0,62.0,642.0,0.0,615.0,157.0
Borex,53.0,303.0,529.0,0.0,93.0,166.0
Bosco/Gurin,1.0,19.0,13.0,0.0,5.0,26.0
Bossonnens,215.0,53.0,637.0,0.0,507.0,170.0
Boswil,5.0,101.0,1555.0,2.0,821.0,552.0
Bottens,517.0,163.0,431.0,0.0,141.0,122.0
Bottenwil,0.0,114.0,346.0,0.0,219.0,203.0
Botterens,0.0,29.0,257.0,0.0,250.0,188.0
Bottighofen,951.0,38.0,858.0,0.0,622.0,226.0
Bottmingen,2794.0,115.0,1612.0,1089.0,6.0,1166.0
Boudry,2471.0,64.0,2303.0,0.0,230.0,1111.0
Bougy-Villars,11.0,58.0,308.0,0.0,67.0,59.0
Boulens,147.0,43.0,101.0,0.0,32.0,48.0
Bourg-Saint-Pierre,6.0,88.0,70.0,0.0,5.0,59.0
Bourg-en-Lavaux,1107.0,849.0,2512.0,5.0,577.0,406.0
Bournens,181.0,92.0,88.0,0.0,107.0,35.0
Bourrignon,0.0,7.0,105.0,0.0,21.0,140.0
Boussens,619.0,103.0,171.0,0.0,66.0,44.0
Bovernier,12.0,282.0,286.0,0.0,220.0,137.0
Bowil,12.0,38.0,407.0,2.0,142.0,802.0
Boécourt,0.0,49.0,443.0,0.0,3.0,474.0
Braunau,0.0,19.0,284.0,0.0,202.0,333.0
Bregaglia,1.0,632.0,338.0,17.0,180.0,444.0
Breggia,12.0,427.0,967.0,2.0,441.0,135.0
Breil/Brigels,0.0,135.0,565.0,16.0,310.0,743.0
Breitenbach,710.0,212.0,2208.0,11.0,564.0,380.0
Bremblens,354.0,59.0,132.0,0.0,54.0,13.0
Bremgarten (AG),0.0,588.0,2828.0,3.0,2158.0,2948.0
Bremgarten bei Bern,403.0,325.0,1959.0,0.0,650.0,935.0
Brenzikofen,0.0,50.0,197.0,0.0,81.0,160.0
Bretigny-sur-Morrens,326.0,110.0,319.0,0.0,60.0,103.0
Bretonnières,0.0,31.0,134.0,0.0,47.0,59.0
Bretzwil,0.0,14.0,411.0,69.0,0.0,268.0
Brienz (BE),10.0,87.0,1773.0,8.0,474.0,840.0
Brienzersee,4.0,7.0,89.0,0.0,27.0,27.0
Brienzwiler,0.0,9.0,254.0,0.0,54.0,182.0
Brig-Glis,373.0,727.0,8859.0,0.0,2194.0,1104.0
Brione sopra Minusio,2.0,173.0,155.0,5.0,143.0,51.0
Brislach,3.0,60.0,670.0,269.0,0.0,710.0
Brissago,17.0,561.0,746.0,1.0,308.0,102.0
Brittnau,617.0,233.0,1615.0,2.0,1102.0,521.0
Broc,85.0,98.0,1240.0,0.0,390.0,932.0
Brot-Plamboz,0.0,10.0,96.0,0.0,30.0,187.0
Brugg,4793.0,470.0,4424.0,0.0,1918.0,1333.0
Brunegg,269.0,39.0,163.0,0.0,299.0,101.0
Brusino Arsizio,2.0,124.0,205.0,1.0,99.0,23.0
Brusio,0.0,390.0,265.0,18.0,115.0,375.0
Brügg,382.0,235.0,2698.0,8.0,649.0,469.0
Brünisried,0.0,47.0,267.0,0.0,193.0,177.0
Brüttelen,0.0,37.0,296.0,3.0,105.0,174.0
Brütten,6.0,114.0,1176.0,0.0,656.0,155.0
Bubendorf,4.0,526.0,1799.0,620.0,3.0,1437.0
Bubikon,1600.0,360.0,3301.0,3.0,1562.0,569.0
Buch (SH),2.0,10.0,84.0,0.0,68.0,140.0
Buch am Irchel,4.0,23.0,273.0,0.0,451.0,291.0
Buchberg,0.0,52.0,279.0,0.0,300.0,218.0
Buchegg,26.0,41.0,1156.0,0.0,365.0,961.0
Buchholterberg,0.0,62.0,486.0,0.0,200.0,827.0
Buchillon,212.0,60.0,265.0,0.0,133.0,44.0
Buchrain,6.0,168.0,2400.0,58.0,1921.0,1930.0
Buchs (AG),3316.0,398.0,2403.0,0.0,1700.0,573.0
Buchs (SG),505.0,162.0,3920.0,25.0,2312.0,6334.0
Buchs (ZH),1306.0,135.0,2935.0,0.0,1481.0,739.0
Buckten,0.0,47.0,332.0,73.0,0.0,267.0
Bulle,10.0,686.0,8801.0,21.0,4194.0,11434.0
Bullet,18.0,94.0,348.0,3.0,46.0,187.0
Buochs,129.0,234.0,3074.0,4.0,1329.0,691.0
Bure,0.0,60.0,356.0,0.0,93.0,132.0
Burg (AG),16.0,47.0,677.0,16.0,186.0,110.0
Burg im Leimental,0.0,9.0,137.0,33.0,0.0,101.0
Burgdorf,7522.0,149.0,5286.0,6.0,2127.0,1613.0
Burgistein,6.0,104.0,456.0,0.0,113.0,500.0
Bursinel,0.0,33.0,298.0,0.0,61.0,86.0
Bursins,429.0,55.0,160.0,3.0,62.0,80.0
Burtigny,24.0,39.0,189.0,0.0,22.0,156.0
Buseno,0.0,24.0,6.0,0.0,14.0,53.0
Bussigny,5000.0,814.0,2722.0,74.0,870.0,777.0
Bussnang,324.0,49.0,916.0,11.0,523.0,743.0
Busswil bei Melchnau,0.0,12.0,43.0,0.0,44.0,89.0
Bussy-sur-Moudon,4.0,30.0,87.0,0.0,89.0,31.0
Buttisholz,4.0,179.0,1006.0,0.0,984.0,1205.0
Buttwil,0.0,88.0,567.0,0.0,413.0,222.0
Buus,2.0,36.0,388.0,140.0,2.0,552.0
Bäretswil,27.0,322.0,1904.0,4.0,1868.0,972.0
Bäriswil,0.0,47.0,489.0,6.0,298.0,246.0
Bärschwil,0.0,18.0,473.0,1.0,64.0,259.0
Bätterkinden,615.0,316.0,1096.0,3.0,940.0,343.0
Bättwil,0.0,6.0,850.0,0.0,133.0,151.0
Böckten,0.0,57.0,354.0,116.0,1.0,289.0
Bönigen,338.0,166.0,1115.0,21.0,470.0,410.0
Bösingen,0.0,165.0,1064.0,0.0,1452.0,756.0
Böttstein,0.0,167.0,743.0,7.0,530.0,2615.0
Bözberg,18.0,128.0,687.0,0.0,482.0,380.0
Böztal,4.0,270.0,1077.0,5.0,892.0,602.0
Büetigen,7.0,26.0,483.0,8.0,186.0,267.0
Bühl,0.0,38.0,224.0,2.0,153.0,59.0
Bühler,96.0,47.0,971.0,2.0,321.0,449.0
Bülach,3139.0,568.0,9794.0,17.0,7332.0,1386.0
Bünzen,0.0,39.0,551.0,0.0,324.0,234.0
Bürchen,6.0,192.0,313.0,4.0,118.0,153.0
Büren (SO),8.0,13.0,502.0,0.0,245.0,287.0
Büren an der Aare,520.0,227.0,1974.0,0.0,551.0,471.0
Bürglen (TG),1662.0,63.0,1297.0,0.0,538.0,454.0
Bürglen (UR),2.0,405.0,1376.0,18.0,1119.0,1133.0
Büron,0.0,98.0,1389.0,0.0,790.0,480.0
Büsserach,118.0,60.0,1389.0,0.0,581.0,197.0
Bütschwil-Ganterschwil,1522.0,186.0,1044.0,36.0,858.0,1577.0
Büttenhardt,0.0,11.0,167.0,0.0,131.0,124.0
Büttikon,285.0,28.0,437.0,0.0,209.0,156.0
Cademario,1.0,110.0,439.0,2.0,200.0,40.0
Cadempino,189.0,100.0,729.0,0.0,280.0,41.0
Cadenazzo,135.0,316.0,1735.0,6.0,789.0,86.0
Calanca,0.0,77.0,8.0,0.0,11.0,122.0
Cama,0.0,422.0,112.0,0.0,31.0,51.0
Campo (Vallemaggia),1.0,16.0,4.0,1.0,4.0,57.0
Canobbio,663.0,149.0,842.0,0.0,586.0,82.0
Capriasca,97.0,824.0,3785.0,4.0,1756.0,428.0
Carouge (GE),11442.0,92.0,7954.0,8.0,1421.0,917.0
Cartigny,51.0,49.0,718.0,0.0,30.0,181.0
Caslano,17.0,499.0,2741.0,1.0,964.0,153.0
Castaneda,0.0,138.0,67.0,3.0,10.0,53.0
Castel San Pietro,55.0,295.0,1306.0,2.0,545.0,98.0
Cazis,0.0,101.0,729.0,0.0,1152.0,364.0
Celerina/Schlarigna,2.0,82.0,778.0,0.0,512.0,115.0
Centovalli,10.0,387.0,319.0,9.0,250.0,240.0
Cerentino,2.0,8.0,4.0,0.0,6.0,37.0
Cevio,24.0,365.0,402.0,0.0,209.0,150.0
Chalais,842.0,611.0,1253.0,3.0,656.0,384.0
Cham,5310.0,365.0,6745.0,0.0,2796.0,1804.0
Chamblon,317.0,106.0,66.0,0.0,32.0,45.0
Chamoson,15.0,980.0,1361.0,13.0,1294.0,492.0
Champagne,17.0,146.0,407.0,0.0,105.0,412.0
Champoz,0.0,3.0,75.0,2.0,34.0,55.0
Champtauroz,17.0,7.0,69.0,0.0,60.0,18.0
Champvent,331.0,19.0,180.0,0.0,89.0,105.0
Champéry,12.0,106.0,973.0,4.0,162.0,186.0
Chancy,53.0,106.0,954.0,0.0,318.0,274.0
Chapelle (Glâne),6.0,39.0,125.0,0.0,138.0,48.0
Chardonne,1702.0,170.0,766.0,5.0,244.0,279.0
Chavannes-de-Bogis,24.0,602.0,338.0,0.0,115.0,281.0
Chavannes-des-Bois,60.0,159.0,201.0,0.0,215.0,357.0
Chavannes-le-Chêne,79.0,15.0,119.0,5.0,37.0,75.0
Chavannes-le-Veyron,41.0,0.0,72.0,0.0,19.0,31.0
Chavannes-près-Renens,4431.0,84.0,3541.0,0.0,724.0,165.0
Chavannes-sur-Moudon,0.0,23.0,98.0,2.0,51.0,48.0
Chavornay,3034.0,233.0,1290.0,0.0,387.0,428.0
Cheseaux-Noréaz,127.0,170.0,212.0,0.0,137.0,103.0
Cheseaux-sur-Lausanne,1265.0,496.0,1659.0,4.0,650.0,368.0
Chessel,133.0,29.0,241.0,0.0,53.0,57.0
Chevilly,3.0,32.0,126.0,2.0,49.0,120.0
Chevroux,17.0,46.0,230.0,0.0,151.0,74.0
Chexbres,1307.0,98.0,630.0,6.0,100.0,92.0
Cheyres-Châbles,61.0,386.0,724.0,20.0,861.0,377.0
Chiasso,1381.0,295.0,4442.0,0.0,609.0,657.0
Chigny,144.0,31.0,168.0,0.0,147.0,40.0
Chippis,986.0,99.0,266.0,0.0,156.0,18.0
Choulex,422.0,78.0,506.0,0.0,125.0,69.0
Chur,20257.0,272.0,10565.0,34.0,3799.0,2981.0
Churwalden,28.0,168.0,1076.0,1.0,432.0,366.0
Château-d'Oex,6.0,279.0,2038.0,0.0,341.0,1030.0
Châtel-Saint-Denis,530.0,638.0,3412.0,10.0,1738.0,1531.0
Châtel-sur-Montsalvens,0.0,59.0,124.0,0.0,95.0,60.0
Châtillon (FR),1.0,118.0,137.0,6.0,192.0,68.0
Châtillon (JU),0.0,23.0,242.0,0.0,126.0,84.0
Châtonnaye,135.0,52.0,313.0,0.0,295.0,98.0
Chénens,12.0,49.0,275.0,0.0,332.0,186.0
Chéserex,22.0,311.0,669.0,0.0,151.0,112.0
Chêne-Bougeries,5100.0,173.0,4826.0,26.0,1231.0,1815.0
Chêne-Bourg,3871.0,214.0,3995.0,0.0,641.0,524.0
Chêne-Pâquier,14.0,6.0,50.0,0.0,20.0,67.0
Clarmont,92.0,14.0,68.0,0.0,17.0,13.0
Clos du Doubs,7.0,123.0,560.0,6.0,172.0,503.0
Coeuve,2.0,28.0,371.0,0.0,135.0,215.0
Coinsins,0.0,136.0,225.0,0.0,80.0,95.0
Coldrerio,517.0,315.0,1454.0,0.0,499.0,59.0
Collex-Bossy,104.0,144.0,1148.0,0.0,188.0,97.0
Collina d'Oro,1145.0,432.0,2103.0,0.0,922.0,81.0
Collombey-Muraz,3354.0,752.0,1323.0,0.0,1101.0,3182.0
Collonge-Bellerive,3722.0,304.0,3110.0,0.0,1121.0,344.0
Collonges,16.0,139.0,303.0,0.0,256.0,148.0
Cologny,2460.0,41.0,2037.0,0.0,507.0,796.0
Comano,781.0,186.0,757.0,3.0,356.0,67.0
Commugny,74.0,831.0,1330.0,0.0,584.0,219.0
Concise,37.0,86.0,550.0,10.0,111.0,228.0
Confignon,1501.0,142.0,1774.0,0.0,415.0,664.0
Conters im Prättigau,5.0,29.0,65.0,0.0,37.0,117.0
Conthey,3447.0,921.0,2032.0,4.0,1284.0,1335.0
Coppet,46.0,561.0,1856.0,0.0,435.0,231.0
Corbeyrier,1.0,52.0,225.0,0.0,27.0,161.0
Corbières,4.0,72.0,348.0,1.0,363.0,228.0
Corcelles (BE),0.0,11.0,127.0,0.0,24.0,52.0
Corcelles-le-Jorat,32.0,28.0,193.0,0.0,110.0,136.0
Corcelles-près-Concise,31.0,31.0,201.0,0.0,66.0,97.0
Corcelles-près-Payerne,344.0,128.0,1268.0,0.0,613.0,368.0
Corgémont,3.0,124.0,1075.0,0.0,319.0,313.0
Corminboeuf,618.0,315.0,669.0,0.0,527.0,780.0
Cormoret,0.0,20.0,353.0,3.0,29.0,97.0
Cornaux,5.0,28.0,1324.0,0.0,70.0,184.0
Cornol,0.0,75.0,520.0,0.0,213.0,230.0
Corseaux,1315.0,32.0,710.0,0.0,171.0,107.0
Corsier (GE),851.0,97.0,965.0,0.0,339.0,70.0
Corsier-sur-Vevey,1466.0,149.0,1597.0,0.0,163.0,204.0
Cortaillod,2532.0,14.0,1693.0,3.0,78.0,461.0
Cortébert,0.0,28.0,459.0,0.0,58.0,162.0
Cossonay,3036.0,296.0,595.0,4.0,205.0,196.0
Cottens (FR),37.0,120.0,517.0,0.0,584.0,253.0
Courchapoix,0.0,0.0,231.0,0.0,89.0,136.0
Courchavon,0.0,17.0,144.0,4.0,63.0,84.0
Courgenay,0.0,167.0,1415.0,2.0,441.0,395.0
Courgevaux,38.0,99.0,581.0,0.0,508.0,235.0
Courrendlin,1051.0,112.0,1680.0,12.0,428.0,483.0
Courroux,466.0,263.0,1837.0,5.0,405.0,378.0
Court,0.0,40.0,994.0,9.0,184.0,212.0
Courtedoux,5.0,61.0,387.0,0.0,177.0,114.0
Courtelary,10.0,53.0,849.0,3.0,320.0,201.0
Courtepin,346.0,259.0,1957.0,0.0,1999.0,965.0
Courtételle,97.0,189.0,1492.0,7.0,545.0,342.0
Crans (VD),13.0,563.0,1060.0,11.0,417.0,339.0
Crans-Montana,4355.0,953.0,3344.0,1.0,1061.0,782.0
Crassier,45.0,168.0,694.0,0.0,212.0,115.0
Cressier (FR),0.0,65.0,451.0,0.0,343.0,165.0
Cressier (NE),98.0,65.0,1429.0,0.0,92.0,209.0
Crissier,3523.0,587.0,2515.0,8.0,458.0,1560.0
Cronay,52.0,46.0,168.0,0.0,80.0,73.0
Croy,172.0,46.0,107.0,0.0,57.0,32.0
Crémines,0.0,32.0,326.0,0.0,61.0,124.0
Crésuz,0.0,35.0,235.0,1.0,82.0,81.0
Cuarnens,283.0,48.0,105.0,0.0,37.0,76.0
Cuarny,35.0,12.0,99.0,0.0,36.0,72.0
Cudrefin,25.0,168.0,668.0,1.0,719.0,300.0
Cugnasco-Gerra,21.0,597.0,1199.0,3.0,922.0,127.0
Cugy (FR),44.0,168.0,787.0,0.0,584.0,317.0
Cugy (VD),542.0,345.0,1247.0,12.0,296.0,274.0
Cureglia,436.0,220.0,512.0,0.0,296.0,50.0
Curio,3.0,163.0,261.0,0.0,155.0,21.0
Curtilles,59.0,42.0,143.0,0.0,25.0,45.0
Céligny,18.0,72.0,538.0,0.0,116.0,122.0
Dachsen,0.0,79.0,1057.0,3.0,683.0,132.0
Dagmersellen,249.0,176.0,2942.0,26.0,1298.0,1164.0
Daillens,95.0,156.0,443.0,0.0,234.0,133.0
Dallenwil,4.0,216.0,737.0,0.0,365.0,556.0
Dalpe,2.0,92.0,25.0,0.0,26.0,34.0
Damphreux,5.0,9.0,96.0,0.0,34.0,52.0
Dardagny,549.0,69.0,995.0,0.0,151.0,104.0
Davos,36.0,927.0,6815.0,25.0,1741.0,1242.0
Degersheim,1260.0,81.0,1189.0,0.0,934.0,701.0
Deisswil bei Münchenbuchsee,0.0,4.0,0.0,0.0,16.0,70.0
Deitingen,906.0,49.0,726.0,0.0,332.0,289.0
Delley-Portalban,6.0,221.0,388.0,8.0,387.0,276.0
Delémont,5524.0,199.0,4809.0,32.0,831.0,1158.0
Denens,323.0,113.0,212.0,0.0,58.0,32.0
Denges,879.0,153.0,635.0,4.0,104.0,41.0
Densbüren,6.0,105.0,181.0,6.0,168.0,301.0
Derendingen,3658.0,143.0,2002.0,4.0,506.0,318.0
Develier,6.0,96.0,812.0,0.0,269.0,197.0
Diegten,0.0,88.0,690.0,332.0,0.0,559.0
Dielsdorf,255.0,131.0,3744.0,7.0,1580.0,285.0
Diemerswil,0.0,0.0,63.0,3.0,55.0,115.0
Diemtigen,3.0,92.0,797.0,28.0,396.0,1073.0
Diepflingen,2.0,12.0,332.0,102.0,0.0,310.0
Diepoldsau,609.0,192.0,3750.0,3.0,975.0,1208.0
Dierikon,3.0,245.0,686.0,0.0,425.0,261.0
Diessbach bei Büren,7.0,32.0,558.0,3.0,209.0,240.0
Diessenhofen,1120.0,318.0,1504.0,0.0,697.0,487.0
Dietikon,10074.0,436.0,8428.0,27.0,3716.0,5686.0
Dietlikon,2465.0,132.0,3284.0,8.0,1235.0,694.0
Dietwil,9.0,57.0,587.0,4.0,498.0,280.0
Dinhard,0.0,49.0,819.0,0.0,614.0,259.0
Dintikon,347.0,63.0,961.0,0.0,508.0,642.0
Disentis/Mustér,0.0,236.0,958.0,24.0,420.0,417.0
Dittingen,0.0,26.0,351.0,62.0,0.0,304.0
Dizy,148.0,8.0,18.0,0.0,25.0,29.0
Domat/Ems,420.0,178.0,5047.0,0.0,2174.0,438.0
Domleschg,30.0,82.0,628.0,8.0,793.0,710.0
Dompierre (VD),40.0,19.0,98.0,0.0,19.0,79.0
Donneloye,141.0,101.0,299.0,0.0,138.0,229.0
Doppleschwand,2.0,43.0,250.0,3.0,277.0,272.0
Dorf,0.0,52.0,248.0,0.0,242.0,161.0
Dornach,3530.0,118.0,1870.0,62.0,616.0,668.0
Dorénaz,2.0,201.0,379.0,0.0,283.0,244.0
Dottikon,269.0,288.0,1752.0,0.0,1230.0,437.0
Dotzigen,14.0,64.0,809.0,8.0,370.0,294.0
Dozwil,105.0,51.0,208.0,6.0,151.0,172.0
Drei Höfe,5.0,53.0,345.0,0.0,206.0,144.0
Duggingen,22.0,26.0,752.0,221.0,0.0,553.0
Duillier,556.0,185.0,259.0,0.0,87.0,78.0
Dulliken,1036.0,77.0,2285.0,18.0,505.0,1257.0
Dully,12.0,116.0,254.0,0.0,132.0,143.0
Dägerlen,0.0,57.0,317.0,0.0,407.0,293.0
Dällikon,718.0,133.0,1807.0,0.0,1471.0,174.0
Däniken,332.0,77.0,1329.0,0.0,360.0,845.0
Dänikon,3.0,66.0,1265.0,2.0,375.0,139.0
Därligen,0.0,16.0,183.0,0.0,69.0,143.0
Därstetten,1.0,30.0,288.0,0.0,98.0,464.0
Dättlikon,0.0,32.0,229.0,0.0,294.0,231.0
Démoret,36.0,5.0,65.0,0.0,23.0,36.0
Dörflingen,2.0,13.0,398.0,0.0,272.0,337.0
Döttingen,4.0,179.0,1332.0,0.0,687.0,2055.0
Dübendorf,10335.0,374.0,9623.0,95.0,7637.0,2075.0
Düdingen,281.0,442.0,2806.0,12.0,3207.0,2138.0
Dürnten,1980.0,279.0,2810.0,14.0,1983.0,629.0
Dürrenroth,4.0,58.0,304.0,3.0,158.0,638.0
Dürrenäsch,0.0,49.0,620.0,0.0,431.0,256.0
Ebikon,2084.0,1274.0,6627.0,338.0,1310.0,2580.0
Ebnat-Kappel,1793.0,154.0,929.0,3.0,1202.0,1192.0
Echallens,2261.0,716.0,1981.0,7.0,400.0,363.0
Echandens,1082.0,366.0,1021.0,0.0,204.0,109.0
Echarlens,0.0,56.0,393.0,0.0,232.0,204.0
Echichens,680.0,354.0,1415.0,5.0,364.0,335.0
Eclépens,43.0,82.0,188.0,5.0,36.0,854.0
Ecublens (FR),25.0,19.0,141.0,0.0,128.0,73.0
Ecublens (VD),6394.0,258.0,4546.0,0.0,523.0,1570.0
Ederswiler,0.0,1.0,75.0,0.0,3.0,43.0
Egerkingen,1343.0,95.0,1461.0,0.0,845.0,457.0
Egg,45.0,268.0,5208.0,6.0,2555.0,808.0
Eggenwil,0.0,29.0,500.0,0.0,488.0,60.0
Eggerberg,0.0,25.0,150.0,0.0,47.0,116.0
Eggersriet,370.0,92.0,864.0,8.0,466.0,663.0
Eggiwil,0.0,74.0,614.0,0.0,468.0,1474.0
Eglisau,29.0,315.0,1902.0,4.0,2443.0,816.0
Egliswil,232.0,71.0,503.0,0.0,375.0,331.0
Egnach,1226.0,152.0,1539.0,8.0,1013.0,1021.0
Egolzwil,5.0,40.0,554.0,0.0,814.0,198.0
Ehrendingen,0.0,121.0,2857.0,0.0,1481.0,433.0
Eich,2.0,79.0,576.0,0.0,580.0,396.0
Eichberg,178.0,50.0,522.0,3.0,263.0,562.0
Eiken,4.0,94.0,1022.0,6.0,897.0,326.0
Einsiedeln,1724.0,1168.0,7894.0,21.0,2515.0,3073.0
Eischoll,4.0,49.0,63.0,0.0,4.0,332.0
Eisten,0.0,88.0,29.0,0.0,13.0,74.0
Elgg,10.0,235.0,1763.0,0.0,1427.0,1619.0
Ellikon an der Thur,6.0,44.0,566.0,0.0,312.0,108.0
Elsau,21.0,165.0,1542.0,0.0,1295.0,692.0
Embd,0.0,38.0,107.0,2.0,45.0,94.0
Embrach,61.0,488.0,5753.0,2.0,2437.0,1126.0
Emmen,3834.0,1055.0,18684.0,0.0,4143.0,3563.0
Emmetten,16.0,142.0,441.0,13.0,495.0,525.0
Endingen,4.0,125.0,442.0,0.0,366.0,1696.0
Engelberg,2.0,578.0,2123.0,10.0,592.0,973.0
Enges,0.0,14.0,170.0,0.0,32.0,71.0
Ennetbaden,949.0,207.0,1590.0,0.0,560.0,211.0
Ennetbürgen,2.0,379.0,2594.0,0.0,1339.0,743.0
Ennetmoos,0.0,126.0,814.0,0.0,555.0,713.0
Entlebuch,0.0,150.0,1104.0,0.0,534.0,1589.0
Epalinges,2868.0,760.0,3947.0,0.0,1082.0,1214.0
Ependes (VD),135.0,60.0,147.0,0.0,9.0,37.0
Eppenberg-Wöschnau,0.0,14.0,241.0,0.0,52.0,29.0
Epsach,0.0,18.0,133.0,0.0,86.0,113.0
Eptingen,0.0,26.0,223.0,60.0,0.0,241.0
Ergisch,1.0,87.0,9.0,0.0,8.0,101.0
Eriswil,0.0,40.0,444.0,0.0,162.0,778.0
Eriz,0.0,20.0,128.0,0.0,78.0,312.0
Erlach,3.0,92.0,853.0,10.0,177.0,265.0
Erlen,1064.0,142.0,1469.0,1.0,711.0,480.0
Erlenbach (ZH),1905.0,124.0,1861.0,5.0,1421.0,154.0
Erlenbach im Simmental,0.0,92.0,517.0,5.0,238.0,921.0
Erlinsbach (AG),196.0,470.0,1945.0,0.0,1447.0,455.0
Erlinsbach (SO),237.0,91.0,1507.0,0.0,566.0,1171.0
Ermatingen,1271.0,201.0,981.0,7.0,742.0,525.0
Ermensee,37.0,63.0,270.0,4.0,282.0,366.0
Ernen,0.0,170.0,87.0,1.0,29.0,263.0
Erschwil,0.0,32.0,536.0,0.0,216.0,167.0
Ersigen,127.0,186.0,744.0,0.0,329.0,760.0
Erstfeld,0.0,186.0,1800.0,3.0,1174.0,780.0
Eschenbach (LU),3.0,181.0,1848.0,0.0,917.0,802.0
Eschenbach (SG),1239.0,540.0,3422.0,0.0,2501.0,2340.0
Eschenz,765.0,21.0,493.0,2.0,313.0,347.0
Eschert,0.0,23.0,229.0,0.0,48.0,85.0
Eschlikon,1741.0,89.0,1446.0,0.0,688.0,756.0
Escholzmatt-Marbach,6.0,275.0,1029.0,5.0,603.0,2679.0
Essertines-sur-Rolle,59.0,147.0,401.0,0.0,81.0,115.0
Essertines-sur-Yverdon,30.0,140.0,468.0,3.0,222.0,203.0
Estavayer,1257.0,641.0,3212.0,26.0,2614.0,2444.0
Etagnières,528.0,175.0,306.0,4.0,65.0,90.0
Etoy,1592.0,158.0,828.0,13.0,120.0,183.0
Ettingen,2116.0,97.0,1403.0,711.0,0.0,1179.0
Ettiswil,0.0,76.0,1349.0,0.0,753.0,661.0
Etziken,196.0,14.0,381.0,11.0,223.0,203.0
Evilard,1105.0,71.0,753.0,7.0,438.0,258.0
Evionnaz,36.0,250.0,560.0,0.0,413.0,145.0
Evolène,10.0,361.0,656.0,1.0,195.0,554.0
Eysins,212.0,293.0,684.0,0.0,302.0,234.0
Fahrni,3.0,39.0,163.0,7.0,170.0,437.0
Fahrwangen,0.0,154.0,1132.0,0.0,761.0,365.0
Fahy,0.0,40.0,234.0,2.0,19.0,65.0
Faido,39.0,936.0,1224.0,3.0,257.0,466.0
Falera,0.0,48.0,285.0,0.0,218.0,81.0
Faoug,74.0,75.0,328.0,5.0,286.0,110.0
Farnern,0.0,33.0,115.0,0.0,33.0,47.0
Fehraltorf,758.0,463.0,3017.0,11.0,1808.0,634.0
Fehren,2.0,4.0,309.0,2.0,177.0,99.0
Felben-Wellhausen,169.0,70.0,1648.0,11.0,463.0,628.0
Feldbrunnen-St. Niklaus,356.0,67.0,360.0,0.0,75.0,125.0
Felsberg,0.0,22.0,1351.0,2.0,1062.0,306.0
Ferden,4.0,55.0,128.0,0.0,15.0,49.0
Ferenbalm,0.0,77.0,631.0,5.0,200.0,338.0
Ferpicloz,4.0,20.0,75.0,0.0,97.0,61.0
Ferrera,0.0,23.0,11.0,0.0,13.0,40.0
Ferreyres,113.0,48.0,21.0,0.0,78.0,52.0
Feuerthalen,1754.0,124.0,955.0,8.0,718.0,152.0
Feusisberg,614.0,196.0,2453.0,0.0,1520.0,745.0
Fey,72.0,95.0,312.0,0.0,148.0,141.0
Fideris,6.0,19.0,155.0,0.0,182.0,259.0
Fiesch,20.0,235.0,510.0,6.0,44.0,125.0
Fieschertal,0.0,108.0,126.0,2.0,60.0,47.0
Fiez,0.0,62.0,187.0,0.0,106.0,88.0
Finhaut,3.0,85.0,146.0,1.0,18.0,125.0
Finsterhennen,0.0,22.0,335.0,0.0,110.0,85.0
Fischbach,2.0,19.0,312.0,0.0,172.0,228.0
Fischbach-Göslikon,0.0,76.0,896.0,6.0,464.0,262.0
Fischenthal,3.0,107.0,872.0,3.0,766.0,889.0
Fischingen,22.0,175.0,1114.0,9.0,545.0,1150.0
Fisibach,16.0,23.0,245.0,2.0,160.0,101.0
Fislisbach,929.0,254.0,2879.0,0.0,1420.0,301.0
Flaach,0.0,62.0,451.0,3.0,499.0,406.0
Flawil,4354.0,158.0,3337.0,14.0,1510.0,1107.0
Flerden,0.0,12.0,66.0,0.0,48.0,141.0
Flims,19.0,178.0,1894.0,1.0,610.0,277.0
Flumenthal,0.0,81.0,678.0,4.0,132.0,163.0
Flums,61.0,129.0,2736.0,7.0,836.0,1549.0
Flurlingen,401.0,99.0,560.0,0.0,391.0,69.0
Fläsch,2.0,3.0,256.0,2.0,296.0,275.0
Flüelen,0.0,193.0,918.0,15.0,252.0,616.0
Flühli,0.0,212.0,765.0,0.0,241.0,711.0
Fontaines-sur-Grandson,23.0,25.0,100.0,0.0,37.0,42.0
Fontenais,2.0,112.0,888.0,1.0,321.0,393.0
Forel (Lavaux),397.0,233.0,1069.0,0.0,174.0,365.0
Forst-Längenbühl,5.0,55.0,297.0,0.0,149.0,288.0
Founex,174.0,586.0,2057.0,12.0,534.0,540.0
Fraubrunnen,16.0,306.0,2342.0,5.0,1452.0,1298.0
Frauenfeld,11832.0,379.0,8832.0,0.0,1952.0,3068.0
Frauenkappelen,0.0,86.0,727.0,0.0,194.0,383.0
Freienbach,4087.0,849.0,7761.0,44.0,2347.0,1720.0
Freienstein-Teufen,7.0,165.0,951.0,0.0,959.0,375.0
Freienwil,3.0,24.0,535.0,0.0,352.0,197.0
Freimettigen,4.0,8.0,162.0,0.0,100.0,170.0
Frenkendorf,2686.0,92.0,1659.0,981.0,4.0,1138.0
Fribourg,15905.0,849.0,11977.0,44.0,5338.0,2905.0
Frick,647.0,265.0,2370.0,7.0,1677.0,757.0
Froideville,1311.0,422.0,393.0,0.0,256.0,291.0
Frutigen,0.0,591.0,3210.0,2.0,1067.0,2339.0
Fräschels,0.0,25.0,210.0,0.0,108.0,113.0
Fulenbach,76.0,51.0,802.0,0.0,449.0,411.0
Full-Reuenthal,2.0,56.0,401.0,0.0,321.0,140.0
Fully,38.0,1663.0,2615.0,24.0,3545.0,1148.0
Furna,0.0,2.0,37.0,0.0,25.0,166.0
Fällanden,3581.0,269.0,2269.0,26.0,2327.0,886.0
Féchy,445.0,47.0,224.0,0.0,112.0,89.0
Fétigny,72.0,50.0,419.0,0.0,406.0,209.0
Füllinsdorf,1899.0,46.0,925.0,798.0,0.0,857.0
Fürstenau,0.0,14.0,98.0,3.0,147.0,72.0
Gachnang,1132.0,82.0,1434.0,4.0,1364.0,465.0
Gais,116.0,101.0,1432.0,0.0,392.0,1208.0
Gaiserwald,1106.0,149.0,3717.0,7.0,2332.0,1181.0
Galgenen,423.0,247.0,2724.0,0.0,974.0,979.0
Gals,0.0,39.0,335.0,2.0,247.0,219.0
Gambarogno,107.0,1140.0,2412.0,8.0,1387.0,255.0
Gampel-Bratsch,49.0,281.0,921.0,2.0,518.0,189.0
Gampelen,18.0,55.0,456.0,14.0,198.0,238.0
Gams,119.0,154.0,1343.0,0.0,1052.0,1035.0
Gansingen,9.0,63.0,430.0,2.0,324.0,243.0
Gebenstorf,1995.0,178.0,1882.0,0.0,1271.0,299.0
Gelterkinden,22.0,301.0,2888.0,776.0,0.0,2210.0
Geltwil,0.0,2.0,55.0,0.0,80.0,79.0
Gempen,6.0,5.0,490.0,2.0,166.0,254.0
Genolier,55.0,435.0,697.0,2.0,351.0,465.0
Genthod,1548.0,179.0,885.0,0.0,205.0,100.0
Genève,81701.0,1491.0,98828.0,233.0,11001.0,10462.0
Gerlafingen,2528.0,35.0,1666.0,0.0,892.0,317.0
Geroldswil,765.0,156.0,2830.0,0.0,995.0,523.0
Gersau,11.0,243.0,1022.0,35.0,479.0,631.0
Gerzensee,42.0,81.0,475.0,9.0,295.0,350.0
Geuensee,4.0,148.0,1330.0,0.0,728.0,711.0
Gibloux,41.0,479.0,2778.0,0.0,2809.0,1665.0
Giebenach,0.0,44.0,411.0,293.0,0.0,363.0
Giez,10.0,77.0,183.0,0.0,90.0,92.0
Giffers,0.0,99.0,617.0,1.0,726.0,332.0
Gilly,733.0,65.0,427.0,0.0,155.0,131.0
Gimel,919.0,341.0,797.0,0.0,97.0,249.0
Gingins,19.0,372.0,475.0,4.0,192.0,227.0
Giornico,10.0,226.0,356.0,0.0,119.0,106.0
Gipf-Oberfrick,238.0,190.0,1183.0,0.0,1534.0,602.0
Gisikon,0.0,57.0,660.0,0.0,521.0,184.0
Giswil,5.0,355.0,912.0,2.0,787.0,1884.0
Givisiez,1553.0,297.0,560.0,0.0,477.0,247.0
Givrins,10.0,184.0,426.0,5.0,164.0,221.0
Gland,5953.0,658.0,3527.0,0.0,931.0,2178.0
Glarus,2272.0,750.0,6433.0,49.0,1376.0,1684.0
Glarus Nord,2238.0,967.0,9554.0,32.0,3702.0,2934.0
Glarus Süd,56.0,1399.0,3347.0,16.0,1445.0,3569.0
Glattfelden,0.0,190.0,2794.0,0.0,2088.0,304.0
Gletterens,5.0,136.0,228.0,0.0,540.0,186.0
Goldach,3026.0,71.0,3822.0,2.0,1893.0,725.0
Gollion,426.0,143.0,203.0,0.0,90.0,162.0
Gommiswald,6.0,306.0,1974.0,5.0,1738.0,1525.0
Goms,2.0,167.0,552.0,0.0,154.0,339.0
Gondiswil,0.0,41.0,222.0,0.0,122.0,388.0
Gonten,0.0,53.0,422.0,6.0,398.0,675.0
Gontenschwil,2.0,169.0,1249.0,0.0,390.0,419.0
Gordola,28.0,1048.0,2216.0,2.0,1250.0,187.0
Gossau (SG),6341.0,563.0,6344.0,2.0,3252.0,1637.0
Gossau (ZH),660.0,486.0,4849.0,17.0,3137.0,1138.0
Gottlieben,173.0,3.0,84.0,0.0,25.0,41.0
Goumoëns,393.0,136.0,339.0,0.0,130.0,180.0
Graben,0.0,34.0,92.0,0.0,84.0,129.0
Grabs,605.0,127.0,1676.0,11.0,1460.0,3577.0
Grancia,200.0,76.0,179.0,0.0,30.0,6.0
Grancy,181.0,45.0,125.0,0.0,56.0,51.0
Grandcour,30.0,79.0,501.0,0.0,281.0,135.0
Grandevent,8.0,62.0,81.0,0.0,20.0,73.0
Grandfontaine,0.0,46.0,192.0,0.0,63.0,108.0
Grandson,1447.0,295.0,1042.0,3.0,306.0,290.0
Grandval,0.0,21.0,172.0,0.0,77.0,104.0
Grandvillard,22.0,50.0,248.0,0.0,328.0,225.0
Granges (Veveyse),56.0,169.0,304.0,2.0,233.0,139.0
Granges-Paccot,1080.0,256.0,1342.0,7.0,595.0,840.0
Grangettes,0.0,11.0,69.0,2.0,82.0,64.0
Gravesano,225.0,274.0,615.0,2.0,206.0,19.0
Greifensee,1068.0,34.0,1312.0,117.0,913.0,1761.0
Grellingen,1.0,20.0,982.0,420.0,6.0,483.0
Grenchen,9423.0,163.0,6405.0,0.0,1230.0,693.0
Greng,0.0,25.0,40.0,0.0,88.0,22.0
Grengiols,6.0,58.0,208.0,0.0,30.0,124.0
Grens,27.0,50.0,231.0,2.0,65.0,52.0
Greppen,0.0,102.0,256.0,32.0,208.0,611.0
Gretzenbach,165.0,29.0,1256.0,0.0,358.0,1025.0
Grimisuat,26.0,434.0,1248.0,7.0,981.0,1044.0
Grindel,0.0,23.0,280.0,4.0,73.0,130.0
Grindelwald,1.0,273.0,2142.0,26.0,408.0,1085.0
Grolley,0.0,217.0,838.0,0.0,612.0,447.0
Grono,11.0,501.0,526.0,2.0,263.0,183.0
Grossaffoltern,6.0,99.0,1546.0,4.0,612.0,867.0
Grossdietwil,5.0,43.0,338.0,0.0,219.0,287.0
Grosshöchstetten,43.0,373.0,1912.0,20.0,967.0,799.0
Grosswangen,0.0,102.0,1185.0,0.0,1084.0,939.0
Grub (AR),129.0,14.0,524.0,0.0,73.0,251.0
Gruyères,139.0,260.0,878.0,1.0,650.0,345.0
Gryon,146.0,133.0,883.0,1.0,99.0,210.0
Grächen,7.0,77.0,1058.0,0.0,53.0,89.0
Gränichen,481.0,272.0,4037.0,9.0,2775.0,892.0
Grône,697.0,374.0,819.0,3.0,501.0,146.0
Grüningen,16.0,150.0,1696.0,3.0,1418.0,579.0
Grüsch,6.0,83.0,864.0,3.0,767.0,492.0
Gsteig,48.0,18.0,412.0,0.0,139.0,446.0
Gsteigwiler,4.0,43.0,189.0,4.0,29.0,176.0
Guggisberg,2.0,80.0,485.0,0.0,38.0,1072.0
Gunzgen,25.0,38.0,967.0,0.0,270.0,380.0
Gurbrü,0.0,16.0,104.0,0.0,48.0,86.0
Gurmels,7.0,226.0,1724.0,8.0,1775.0,839.0
Gurtnellen,0.0,114.0,134.0,7.0,22.0,294.0
Gurzelen,7.0,5.0,372.0,3.0,156.0,372.0
Guttannen,0.0,24.0,82.0,0.0,12.0,138.0
Guttet-Feschel,2.0,80.0,211.0,2.0,46.0,102.0
Gy,26.0,34.0,304.0,0.0,40.0,59.0
Gächlingen,3.0,45.0,450.0,0.0,242.0,181.0
Göschenen,0.0,89.0,215.0,2.0,10.0,122.0
Gündlischwand,0.0,16.0,175.0,6.0,19.0,146.0
Günsberg,17.0,30.0,684.0,0.0,220.0,230.0
Güttingen,524.0,63.0,539.0,0.0,204.0,387.0
Habkern,0.0,60.0,140.0,2.0,59.0,384.0
Habsburg,0.0,34.0,197.0,0.0,154.0,54.0
Hagenbuch,0.0,93.0,443.0,0.0,380.0,219.0
Hagneck,0.0,52.0,174.0,2.0,110.0,61.0
Hallau,4.0,77.0,1241.0,2.0,474.0,537.0
Hallwil,81.0,86.0,485.0,2.0,271.0,109.0
Halten,27.0,34.0,563.0,0.0,168.0,101.0
Hasle (LU),0.0,106.0,532.0,0.0,519.0,640.0
Hasle bei Burgdorf,68.0,128.0,1143.0,2.0,852.0,1187.0
Hasliberg,0.0,17.0,482.0,0.0,127.0,563.0
Hauenstein-Ifenthal,0.0,25.0,104.0,1.0,105.0,91.0
Hauptwil-Gottshaus,355.0,52.0,820.0,7.0,313.0,528.0
Hausen (AG),1752.0,92.0,1046.0,3.0,483.0,233.0
Hausen am Albis,22.0,140.0,1753.0,5.0,1211.0,759.0
Haut-Intyamon,4.0,101.0,759.0,4.0,446.0,423.0
Haute-Ajoie,5.0,133.0,544.0,2.0,114.0,344.0
Haute-Sorne,18.0,459.0,4315.0,3.0,1263.0,1279.0
Hautemorges,2027.0,416.0,1025.0,13.0,263.0,490.0
Hauterive (FR),133.0,208.0,1001.0,7.0,968.0,391.0
Hauterive (NE),1116.0,18.0,1416.0,4.0,47.0,74.0
Hauteville,67.0,47.0,211.0,0.0,208.0,173.0
Hedingen,14.0,273.0,1759.0,0.0,1266.0,511.0
Hefenhofen,395.0,55.0,362.0,0.0,191.0,359.0
Heiden,1570.0,35.0,1435.0,0.0,524.0,752.0
Heiligenschwendi,4.0,33.0,243.0,7.0,161.0,329.0
Heimberg,468.0,258.0,3124.0,9.0,2105.0,868.0
Heimenhausen,30.0,111.0,412.0,0.0,343.0,301.0
Heimiswil,2.0,75.0,367.0,3.0,259.0,1062.0
Heitenried,8.0,43.0,442.0,0.0,619.0,376.0
Hellikon,0.0,50.0,244.0,2.0,284.0,251.0
Hellsau,0.0,2.0,88.0,0.0,41.0,86.0
Hemberg,5.0,47.0,221.0,0.0,154.0,609.0
Hemishofen,4.0,39.0,169.0,0.0,169.0,98.0
Hemmiken,3.0,15.0,89.0,21.0,0.0,133.0
Hendschiken,4.0,53.0,603.0,10.0,418.0,270.0
Henggart,0.0,109.0,1256.0,0.0,778.0,169.0
Henniez,166.0,23.0,130.0,3.0,33.0,39.0
Herbetswil,0.0,6.0,276.0,2.0,51.0,253.0
Herbligen,0.0,35.0,233.0,4.0,84.0,249.0
Herdern,0.0,37.0,424.0,2.0,330.0,343.0
Hergiswil (NW),19.0,428.0,3504.0,0.0,1344.0,533.0
Hergiswil bei Willisau,0.0,80.0,349.0,0.0,431.0,1158.0
Herisau,5986.0,448.0,5517.0,0.0,1801.0,2007.0
Hermance,613.0,71.0,286.0,0.0,145.0,29.0
Hermenches,36.0,25.0,193.0,3.0,79.0,44.0
Hermrigen,0.0,19.0,150.0,1.0,87.0,74.0
Herrliberg,1911.0,121.0,2464.0,6.0,1724.0,515.0
Hersberg,0.0,37.0,130.0,65.0,0.0,123.0
Herznach,3.0,180.0,471.0,3.0,632.0,288.0
Herzogenbuchsee,2798.0,300.0,2195.0,9.0,1508.0,559.0
Hettlingen,0.0,386.0,1152.0,6.0,950.0,656.0
Hildisrieden,0.0,76.0,811.0,2.0,1026.0,526.0
Hilterfingen,1216.0,203.0,1685.0,0.0,690.0,341.0
Himmelried,7.0,52.0,515.0,0.0,182.0,198.0
Hindelbank,5.0,150.0,1245.0,0.0,724.0,671.0
Hinwil,1570.0,626.0,5043.0,10.0,2562.0,1885.0
Hirschthal,0.0,102.0,679.0,0.0,597.0,231.0
Hittnau,28.0,190.0,1507.0,4.0,1361.0,702.0
Hitzkirch,24.0,372.0,2208.0,1.0,1896.0,1536.0
Hochdorf,158.0,340.0,5108.0,0.0,3307.0,907.0
Hochfelden,178.0,74.0,900.0,3.0,642.0,223.0
Hochwald,2.0,11.0,722.0,0.0,197.0,348.0
Hofstetten bei Brienz,0.0,11.0,269.0,2.0,51.0,206.0
Hofstetten-Flüh,4.0,119.0,1990.0,0.0,912.0,289.0
Hohenrain,4.0,222.0,797.0,0.0,704.0,853.0
Hohentannen,15.0,20.0,289.0,0.0,57.0,316.0
Holderbank (AG),333.0,58.0,516.0,3.0,419.0,132.0
Holderbank (SO),4.0,2.0,473.0,9.0,78.0,194.0
Holziken,0.0,96.0,796.0,3.0,528.0,236.0
Homberg,0.0,25.0,99.0,2.0,74.0,331.0
Hombrechtikon,195.0,452.0,4248.0,12.0,2743.0,1250.0
Homburg,0.0,19.0,611.0,6.0,366.0,623.0
Honau,0.0,65.0,138.0,0.0,133.0,81.0
Horgen,5089.0,530.0,5640.0,21.0,6000.0,6006.0
Horn,1051.0,35.0,1056.0,7.0,380.0,336.0
Horrenbach-Buchen,0.0,6.0,39.0,2.0,4.0,211.0
Horriwil,27.0,30.0,464.0,0.0,179.0,164.0
Horw,1300.0,574.0,7314.0,220.0,3604.0,1787.0
Hospental,0.0,25.0,118.0,0.0,13.0,32.0
Hubersdorf,5.0,25.0,348.0,0.0,145.0,192.0
Humlikon,7.0,20.0,171.0,0.0,133.0,153.0
Hundwil,9.0,27.0,280.0,3.0,107.0,637.0
Hunzenschwil,695.0,148.0,2293.0,0.0,817.0,313.0
Huttwil,9.0,149.0,2675.0,2.0,999.0,1290.0
Häfelfingen,0.0,20.0,63.0,43.0,0.0,131.0
Hägendorf,566.0,77.0,2728.0,0.0,924.0,996.0
Häggenschwil,10.0,14.0,514.0,3.0,451.0,392.0
Hägglingen,3.0,81.0,1170.0,0.0,639.0,608.0
Härkingen,165.0,68.0,678.0,0.0,458.0,366.0
Häutligen,0.0,12.0,62.0,6.0,46.0,151.0
Hérémence,8.0,648.0,292.0,2.0,180.0,464.0
Höchstetten,2.0,19.0,76.0,27.0,56.0,99.0
Hölstein,0.0,115.0,1102.0,335.0,3.0,1042.0
Höri,18.0,72.0,1492.0,5.0,1235.0,214.0
Hünenberg,2200.0,88.0,2990.0,2.0,1904.0,1726.0
Hüniken,15.0,3.0,42.0,0.0,72.0,29.0
Hüntwangen,3.0,53.0,437.0,0.0,437.0,169.0
Hüttikon,5.0,70.0,345.0,0.0,465.0,47.0
Hüttlingen,3.0,28.0,225.0,0.0,182.0,420.0
Hüttwilen,346.0,46.0,418.0,0.0,468.0,494.0
Icogne,22.0,214.0,234.0,6.0,74.0,97.0
Iffwil,0.0,11.0,160.0,3.0,48.0,217.0
Ilanz/Glion,28.0,413.0,2201.0,1.0,1094.0,1187.0
Illgau,0.0,22.0,183.0,0.0,164.0,437.0
Illnau-Effretikon,2532.0,534.0,8698.0,10.0,3462.0,2261.0
Inden,0.0,44.0,28.0,0.0,7.0,41.0
Ingenbohl,536.0,611.0,3467.0,4.0,1049.0,3453.0
Inkwil,2.0,69.0,291.0,0.0,140.0,183.0
Innerthal,8.0,11.0,65.0,0.0,25.0,97.0
Innertkirchen,0.0,110.0,461.0,5.0,153.0,396.0
Ins,596.0,123.0,1430.0,0.0,953.0,529.0
Interlaken,1158.0,198.0,2770.0,2.0,1133.0,642.0
Inwil,43.0,156.0,1108.0,20.0,918.0,660.0
Ipsach,1140.0,144.0,1416.0,9.0,704.0,302.0
Iseltwald,0.0,17.0,142.0,1.0,57.0,172.0
Isenthal,0.0,22.0,47.0,0.0,0.0,411.0
Islisberg,0.0,4.0,248.0,0.0,277.0,130.0
Isone,0.0,99.0,171.0,3.0,66.0,47.0
Isérables,2.0,327.0,262.0,0.0,127.0,122.0
Itingen,9.0,132.0,940.0,494.0,0.0,749.0
Ittigen,2180.0,421.0,6101.0,5.0,1662.0,862.0
Jaberg,0.0,15.0,174.0,0.0,53.0,64.0
Jaun,1.0,53.0,277.0,0.0,125.0,208.0
Jegenstorf,640.0,173.0,2498.0,0.0,1229.0,1266.0
Jenaz,3.0,20.0,566.0,0.0,180.0,398.0
Jenins,7.0,32.0,503.0,3.0,212.0,195.0
Jens,0.0,53.0,327.0,3.0,128.0,161.0
Jonen,0.0,65.0,786.0,2.0,1038.0,356.0
Jongny,879.0,112.0,430.0,0.0,192.0,175.0
Jonschwil,893.0,207.0,1205.0,7.0,1006.0,654.0
Jorat-Menthue,233.0,207.0,646.0,0.0,225.0,337.0
Jorat-Mézières,777.0,365.0,1147.0,3.0,437.0,425.0
Jouxtens-Mézery,745.0,202.0,318.0,0.0,245.0,71.0
Juriens,9.0,29.0,145.0,3.0,59.0,106.0
Jussy,42.0,71.0,812.0,0.0,183.0,103.0
Kaiseraugst,1487.0,79.0,643.0,0.0,562.0,2733.0
Kaisten,0.0,128.0,1264.0,4.0,1120.0,319.0
Kallern,0.0,23.0,115.0,0.0,150.0,129.0
Kallnach,0.0,108.0,1071.0,2.0,514.0,586.0
Kaltbrunn,1515.0,57.0,1358.0,0.0,1205.0,984.0
Kammersrohr,0.0,0.0,14.0,0.0,7.0,22.0
Kandergrund,0.0,28.0,389.0,12.0,89.0,355.0
Kandersteg,0.0,101.0,814.0,3.0,160.0,224.0
Kappel (SO),651.0,96.0,1804.0,0.0,609.0,241.0
Kappel am Albis,0.0,53.0,335.0,0.0,453.0,456.0
Kappelen,3.0,93.0,628.0,6.0,431.0,283.0
Kaufdorf,0.0,73.0,578.0,4.0,216.0,214.0
Kehrsatz,40.0,347.0,2557.0,0.0,791.0,789.0
Kemmental,17.0,69.0,977.0,3.0,739.0,896.0
Kernenried,0.0,24.0,231.0,0.0,91.0,210.0
Kerns,0.0,366.0,2172.0,6.0,1624.0,2274.0
Kerzers,62.0,317.0,2448.0,0.0,1455.0,891.0
Kesswil,342.0,27.0,215.0,3.0,104.0,308.0
Kestenholz,2.0,60.0,959.0,0.0,440.0,416.0
Kienberg,7.0,8.0,192.0,0.0,64.0,244.0
Kiesen,0.0,71.0,391.0,0.0,363.0,176.0
Kilchberg (BL),0.0,0.0,34.0,26.0,2.0,102.0
Kilchberg (ZH),2371.0,258.0,4106.0,96.0,1890.0,364.0
Killwangen,236.0,48.0,1154.0,3.0,376.0,223.0
Kippel,6.0,66.0,137.0,0.0,37.0,69.0
Kirchberg (BE),1766.0,186.0,1897.0,0.0,1505.0,572.0
Kirchberg (SG),2424.0,331.0,2163.0,29.0,1714.0,2926.0
Kirchdorf (BE),3.0,71.0,684.0,2.0,488.0,614.0
Kirchleerau,155.0,97.0,268.0,2.0,186.0,213.0
Kirchlindach,151.0,264.0,1328.0,9.0,728.0,857.0
Kleinandelfingen,13.0,124.0,932.0,0.0,745.0,337.0
Kleinbösingen,0.0,77.0,167.0,0.0,329.0,134.0
Kleinlützel,5.0,48.0,712.0,0.0,159.0,337.0
Klingnau,2.0,249.0,785.0,0.0,643.0,1947.0
Klosters,50.0,294.0,2506.0,12.0,909.0,751.0
Kloten,2460.0,126.0,12236.0,77.0,3243.0,2616.0
Knonau,34.0,38.0,868.0,0.0,921.0,583.0
Knutwil,0.0,80.0,674.0,0.0,707.0,880.0
Koblenz,3.0,134.0,1080.0,0.0,303.0,166.0
Konolfingen,19.0,256.0,2597.0,26.0,1328.0,1237.0
Koppigen,38.0,90.0,998.0,12.0,527.0,505.0
Kradolf-Schönenberg,1016.0,63.0,1390.0,10.0,474.0,735.0
Krattigen,2.0,72.0,521.0,4.0,224.0,298.0
Krauchthal,4.0,128.0,1016.0,0.0,607.0,678.0
Kreuzlingen,7495.0,518.0,9716.0,0.0,3073.0,1656.0
Kriechenwil,0.0,16.0,213.0,0.0,62.0,159.0
Kriegstetten,57.0,149.0,750.0,0.0,272.0,138.0
Kriens,9370.0,694.0,12684.0,147.0,3199.0,2638.0
Känerkinden,0.0,27.0,243.0,52.0,2.0,202.0
Kölliken,1294.0,219.0,1638.0,3.0,1012.0,517.0
Köniz,6788.0,1926.0,19221.0,17.0,7951.0,6342.0
Küblis,9.0,58.0,512.0,0.0,160.0,177.0
Künten,36.0,128.0,1076.0,3.0,390.0,203.0
Küsnacht (ZH),4533.0,220.0,5673.0,2.0,3393.0,1089.0
Küssnacht (SZ),747.0,996.0,6384.0,0.0,3887.0,1887.0
Küttigen,175.0,523.0,3011.0,0.0,1781.0,923.0
L'Abbaye,21.0,140.0,965.0,0.0,148.0,272.0
L'Abergement,61.0,26.0,89.0,0.0,32.0,58.0
L'Isle,133.0,188.0,467.0,2.0,77.0,247.0
La Baroche,10.0,101.0,628.0,1.0,117.0,347.0
La Brillaz,30.0,87.0,796.0,0.0,849.0,373.0
La Brévine,0.0,3.0,270.0,0.0,16.0,394.0
La Chaux (Cossonay),226.0,46.0,50.0,0.0,33.0,46.0
La Chaux-de-Fonds,10256.0,1024.0,14230.0,0.0,591.0,10501.0
La Chaux-des-Breuleux,2.0,0.0,78.0,0.0,0.0,22.0
La Chaux-du-Milieu,6.0,16.0,198.0,0.0,69.0,245.0
La Côte-aux-Fées,2.0,4.0,322.0,0.0,1.0,183.0
La Ferrière,5.0,27.0,296.0,0.0,40.0,184.0
La Grande Béroche,1354.0,276.0,4868.0,38.0,626.0,1871.0
La Neuveville,17.0,170.0,2523.0,23.0,658.0,426.0
La Praz,2.0,6.0,120.0,0.0,24.0,34.0
La Punt Chamues-ch,0.0,36.0,480.0,2.0,121.0,71.0
La Rippe,79.0,234.0,529.0,0.0,189.0,144.0
La Roche,0.0,157.0,636.0,0.0,572.0,491.0
La Sagne,4.0,60.0,544.0,13.0,89.0,405.0
La Sarraz,1294.0,282.0,492.0,5.0,204.0,342.0
La Sonnaz,107.0,63.0,383.0,5.0,452.0,319.0
La Tour-de-Peilz,6580.0,124.0,4031.0,11.0,598.0,930.0
La Tène,2038.0,81.0,1734.0,10.0,444.0,961.0
La Verrerie,25.0,71.0,487.0,0.0,420.0,344.0
Laax,0.0,169.0,982.0,0.0,622.0,247.0
Lac de Neuchâtel (NE),10.0,0.0,6.0,0.0,10.0,10.0
Lachen,1432.0,667.0,5086.0,3.0,856.0,1245.0
Laconnex,75.0,92.0,396.0,0.0,91.0,40.0
Lajoux (JU),2.0,44.0,352.0,0.0,114.0,216.0
Lalden,4.0,57.0,359.0,0.0,115.0,158.0
Lamone,198.0,210.0,1135.0,0.0,228.0,22.0
Lampenberg,0.0,26.0,159.0,80.0,0.0,274.0
Lancy,11810.0,370.0,15921.0,5.0,2169.0,3789.0
Landiswil,0.0,27.0,128.0,0.0,78.0,426.0
Landquart,1998.0,197.0,4305.0,2.0,1589.0,773.0
Langenbruck,0.0,62.0,481.0,140.0,0.0,291.0
Langendorf,1951.0,107.0,1057.0,3.0,380.0,262.0
Langenthal,8591.0,249.0,2957.0,884.0,2280.0,921.0
Langnau am Albis,2538.0,188.0,3313.0,1.0,1614.0,352.0
Langnau im Emmental,65.0,414.0,4034.0,2.0,2079.0,2928.0
Langrickenbach,7.0,24.0,450.0,0.0,393.0,537.0
Lantsch/Lenz,0.0,95.0,233.0,0.0,76.0,163.0
Lauenen,5.0,96.0,243.0,0.0,73.0,481.0
Lauerz,51.0,91.0,460.0,3.0,196.0,331.0
Laufen,758.0,373.0,2786.0,942.0,2.0,946.0
Laufen-Uhwiesen,6.0,157.0,848.0,0.0,616.0,168.0
Laufenburg,11.0,700.0,1421.0,0.0,959.0,621.0
Laupen,0.0,140.0,1890.0,21.0,447.0,768.0
Laupersdorf,0.0,26.0,961.0,0.0,337.0,513.0
Lauperswil,0.0,139.0,955.0,3.0,547.0,1162.0
Lausanne,47858.0,1268.0,53820.0,37.0,2393.0,35554.0
Lausen,2520.0,94.0,898.0,1014.0,14.0,1163.0
Lauterbrunnen,5.0,204.0,1445.0,0.0,104.0,647.0
Lauwil,0.0,18.0,99.0,47.0,0.0,161.0
Lavertezzo,66.0,246.0,468.0,2.0,397.0,46.0
Lavey-Morcles,435.0,46.0,315.0,4.0,121.0,48.0
Lavigny,456.0,99.0,261.0,8.0,110.0,94.0
Lavizzara,3.0,238.0,75.0,2.0,59.0,170.0
Lax,1.0,69.0,168.0,0.0,65.0,52.0
Le Bémont (JU),0.0,18.0,152.0,3.0,17.0,140.0
Le Cerneux-Péquignot,1.0,16.0,142.0,0.0,36.0,164.0
Le Chenit,78.0,210.0,3104.0,9.0,293.0,947.0
Le Châtelard,0.0,8.0,186.0,0.0,32.0,136.0
Le Flon,8.0,80.0,508.0,0.0,375.0,294.0
Le Grand-Saconnex,6446.0,198.0,4160.0,5.0,452.0,1415.0
Le Landeron,73.0,164.0,3332.0,2.0,522.0,590.0
Le Lieu,16.0,70.0,429.0,0.0,46.0,364.0
Le Locle,4193.0,236.0,4798.0,0.0,327.0,1352.0
Le Mont-sur-Lausanne,2972.0,657.0,2619.0,4.0,675.0,2562.0
Le Mouret,80.0,265.0,1197.0,0.0,1082.0,656.0
Le Noirmont,7.0,104.0,1163.0,1.0,244.0,425.0
Le Pâquier (FR),12.0,95.0,619.0,0.0,319.0,307.0
Le Vaud,11.0,346.0,562.0,0.0,324.0,156.0
Leibstadt,0.0,212.0,565.0,0.0,535.0,147.0
Leimbach (AG),0.0,9.0,263.0,0.0,164.0,67.0
Leissigen,2.0,115.0,509.0,6.0,309.0,235.0
Lengnau (AG),3.0,203.0,1246.0,3.0,884.0,542.0
Lengnau (BE),2038.0,132.0,1933.0,0.0,911.0,350.0
Lengwil,158.0,31.0,693.0,0.0,437.0,428.0
Lenk,8.0,237.0,925.0,1.0,358.0,869.0
Lens,1046.0,404.0,1632.0,6.0,513.0,790.0
Lenzburg,4727.0,176.0,1925.0,14.0,1915.0,2332.0
Les Bois,0.0,54.0,704.0,3.0,177.0,388.0
Les Breuleux,0.0,76.0,855.0,0.0,142.0,463.0
Les Clées,56.0,7.0,80.0,0.0,7.0,39.0
Les Enfers,4.0,8.0,71.0,0.0,4.0,60.0
Les Genevez (JU),6.0,29.0,294.0,0.0,43.0,161.0
Les Montets,113.0,139.0,541.0,0.0,541.0,231.0
Les Planchettes,2.0,0.0,148.0,0.0,6.0,91.0
Les Ponts-de-Martel,3.0,32.0,773.0,5.0,49.0,403.0
Les Verrières,3.0,7.0,524.0,0.0,16.0,132.0
Leuggern,0.0,272.0,992.0,0.0,489.0,588.0
Leuk,28.0,599.0,2019.0,52.0,670.0,772.0
Leukerbad,36.0,132.0,1072.0,0.0,12.0,91.0
Leutwil,3.0,39.0,353.0,13.0,161.0,195.0
Leuzigen,61.0,33.0,724.0,0.0,188.0,330.0
Leysin,2674.0,157.0,559.0,0.0,34.0,233.0
Leytron,18.0,890.0,1047.0,1.0,1097.0,269.0
Lichtensteig,811.0,64.0,515.0,8.0,340.0,227.0
Liddes,2.0,208.0,173.0,0.0,43.0,350.0
Liedertswil,0.0,12.0,30.0,18.0,0.0,103.0
Liesberg,1.0,41.0,581.0,98.0,0.0,398.0
Liestal,4197.0,391.0,2576.0,2717.0,14.0,5300.0
Ligerz,0.0,37.0,256.0,1.0,132.0,91.0
Lignerolle,139.0,20.0,178.0,0.0,14.0,67.0
Lignières,8.0,7.0,533.0,4.0,26.0,424.0
Lindau,45.0,137.0,2604.0,19.0,1823.0,1022.0
Linden,0.0,46.0,359.0,6.0,209.0,757.0
Linescio,0.0,18.0,2.0,2.0,4.0,17.0
Locarno,165.0,1477.0,10035.0,36.0,3456.0,1056.0
Lohn (SH),15.0,19.0,420.0,0.0,197.0,122.0
Lohn-Ammannsegg,14.0,114.0,1519.0,5.0,906.0,338.0
Lommis,0.0,45.0,553.0,8.0,377.0,301.0
Lommiswil,26.0,141.0,501.0,0.0,316.0,642.0
Lonay,845.0,259.0,1180.0,0.0,286.0,249.0
Longirod,20.0,106.0,136.0,0.0,64.0,207.0
Losone,26.0,1424.0,3383.0,4.0,1432.0,562.0
Lostallo,0.0,563.0,84.0,1.0,96.0,118.0
Lostorf,172.0,135.0,1791.0,3.0,1019.0,965.0
Lotzwil,1525.0,48.0,478.0,9.0,426.0,233.0
Lovatens,40.0,0.0,76.0,0.0,7.0,26.0
Loveresse,0.0,38.0,155.0,1.0,95.0,82.0
Lucens,1314.0,393.0,1612.0,45.0,470.0,565.0
Lufingen,0.0,64.0,819.0,0.0,1585.0,151.0
Lugano,18006.0,3328.0,33287.0,51.0,6504.0,1289.0
Lugnez,0.0,26.0,91.0,0.0,32.0,42.0
Luins,221.0,88.0,193.0,0.0,60.0,47.0
Lully (FR),18.0,130.0,383.0,0.0,442.0,229.0
Lully (VD),321.0,72.0,281.0,0.0,125.0,54.0
Lumino,23.0,206.0,729.0,11.0,512.0,72.0
Lumnezia,7.0,197.0,572.0,3.0,455.0,854.0
Lungern,0.0,277.0,642.0,3.0,504.0,708.0
Lupfig,1212.0,136.0,792.0,4.0,871.0,385.0
Lupsingen,0.0,52.0,564.0,184.0,0.0,683.0
Lussery-Villars,281.0,40.0,110.0,0.0,44.0,6.0
Lussy-sur-Morges,400.0,113.0,119.0,0.0,41.0,65.0
Luterbach,1462.0,86.0,1438.0,0.0,256.0,426.0
Luthern,0.0,40.0,268.0,0.0,130.0,916.0
Lutry,717.0,1200.0,6299.0,16.0,1422.0,1103.0
Lutzenberg,512.0,35.0,350.0,0.0,208.0,225.0
Luzein,4.0,113.0,449.0,4.0,282.0,907.0
Luzern,38189.0,350.0,23411.0,222.0,15205.0,5295.0
Lyss,3660.0,757.0,6291.0,16.0,3170.0,2051.0
Lyssach,252.0,99.0,620.0,18.0,205.0,348.0
Läufelfingen,0.0,58.0,533.0,196.0,4.0,500.0
Löhningen,6.0,75.0,641.0,0.0,491.0,368.0
Lüscherz,4.0,45.0,236.0,7.0,135.0,133.0
Lüsslingen-Nennigkofen,8.0,63.0,512.0,0.0,269.0,289.0
Lüterkofen-Ichertswil,3.0,53.0,429.0,1.0,177.0,257.0
Lüterswil-Gächliwil,2.0,20.0,147.0,1.0,86.0,91.0
Lütisburg,128.0,54.0,527.0,1.0,271.0,678.0
Lütschental,0.0,20.0,84.0,1.0,28.0,105.0
Lützelflüh,10.0,141.0,1632.0,38.0,781.0,1831.0
Madiswil,64.0,191.0,1222.0,0.0,887.0,1021.0
Madulain,0.0,5.0,179.0,0.0,8.0,21.0
Magden,2.0,164.0,1670.0,0.0,1558.0,499.0
Maggia,26.0,648.0,1010.0,3.0,733.0,249.0
Magliaso,12.0,277.0,934.0,0.0,369.0,27.0
Maienfeld,57.0,133.0,1390.0,19.0,1202.0,522.0
Maisprach,0.0,50.0,297.0,152.0,0.0,430.0
Malans,0.0,114.0,1402.0,0.0,631.0,344.0
Malters,33.0,255.0,3057.0,45.0,2301.0,2053.0
Mammern,209.0,16.0,251.0,11.0,111.0,103.0
Mandach,0.0,23.0,80.0,0.0,109.0,129.0
Manno,200.0,88.0,682.0,0.0,305.0,36.0
Maracon,66.0,29.0,228.0,0.0,85.0,162.0
Marbach (SG),474.0,42.0,795.0,0.0,441.0,397.0
Marchissy,44.0,79.0,228.0,0.0,38.0,112.0
Marly,1374.0,872.0,3150.0,3.0,2075.0,816.0
Marsens,160.0,82.0,690.0,7.0,604.0,530.0
Marthalen,2.0,107.0,809.0,0.0,605.0,422.0
Martigny,4063.0,2010.0,4138.0,29.0,2809.0,7531.0
Martigny-Combe,5.0,932.0,579.0,3.0,495.0,347.0
Maschwanden,0.0,19.0,236.0,0.0,184.0,211.0
Masein,0.0,30.0,97.0,4.0,235.0,138.0
Massagno,1007.0,248.0,4158.0,6.0,625.0,665.0
Massongex,596.0,355.0,594.0,0.0,320.0,140.0
Massonnens,0.0,30.0,209.0,1.0,233.0,116.0
Mathod,245.0,95.0,170.0,0.0,110.0,40.0
Matran,446.0,191.0,365.0,0.0,407.0,265.0
Matten bei Interlaken,595.0,178.0,1936.0,2.0,828.0,529.0
Mattstetten,0.0,36.0,311.0,0.0,76.0,165.0
Matzendorf,10.0,46.0,744.0,0.0,249.0,352.0
Matzingen,1034.0,157.0,1012.0,0.0,555.0,309.0
Mauborget,11.0,23.0,48.0,0.0,10.0,53.0
Mauensee,15.0,29.0,429.0,0.0,802.0,279.0
Maur,573.0,434.0,5621.0,13.0,2977.0,1197.0
Mauraz,25.0,2.0,19.0,0.0,3.0,5.0
Medel (Lucmagn),0.0,46.0,40.0,4.0,45.0,213.0
Meggen,919.0,312.0,3001.0,34.0,2756.0,789.0
Meienried,0.0,0.0,41.0,0.0,2.0,13.0
Meierskappel,25.0,114.0,548.0,7.0,452.0,479.0
Meikirch,7.0,187.0,1032.0,11.0,452.0,787.0
Meilen,3925.0,591.0,5876.0,27.0,3375.0,920.0
Meinier,397.0,70.0,1287.0,0.0,131.0,222.0
Meinisberg,10.0,63.0,767.0,3.0,362.0,138.0
Meiringen,10.0,63.0,2595.0,4.0,911.0,1156.0
Meisterschwanden,8.0,138.0,1393.0,11.0,1121.0,465.0
Melchnau,5.0,61.0,476.0,3.0,273.0,708.0
Melide,107.0,285.0,1050.0,0.0,339.0,49.0
Mellikon,0.0,11.0,150.0,0.0,21.0,41.0
Mellingen,151.0,566.0,3222.0,13.0,1074.0,959.0
Mels,1022.0,151.0,4257.0,4.0,1888.0,1918.0
Meltingen,0.0,18.0,423.0,0.0,104.0,126.0
Mendrisio,1987.0,1786.0,8542.0,9.0,2202.0,421.0
Menziken,125.0,342.0,3948.0,38.0,1874.0,390.0
Menzingen,3.0,257.0,2640.0,0.0,453.0,1296.0
Menznau,4.0,119.0,1196.0,0.0,706.0,1026.0
Merenschwand,39.0,82.0,1711.0,0.0,1253.0,653.0
Mergoscia,2.0,59.0,38.0,12.0,36.0,72.0
Merishausen,8.0,42.0,298.0,0.0,259.0,262.0
Mervelier,0.0,43.0,289.0,0.0,83.0,131.0
Merzligen,0.0,35.0,157.0,1.0,77.0,121.0
Mesocco,2.0,964.0,184.0,4.0,79.0,173.0
Messen,3.0,43.0,780.0,0.0,232.0,426.0
Mettauertal,7.0,129.0,723.0,4.0,614.0,676.0
Mettembert,0.0,0.0,66.0,0.0,11.0,37.0
Mettmenstetten,101.0,152.0,1836.0,18.0,2688.0,820.0
Metzerlen-Mariastein,0.0,35.0,538.0,0.0,277.0,112.0
Mex (VD),343.0,81.0,153.0,0.0,109.0,115.0
Meyriez,0.0,12.0,316.0,0.0,144.0,65.0
Meyrin,5155.0,249.0,13974.0,0.0,1628.0,5348.0
Mezzovico-Vira,38.0,284.0,590.0,2.0,433.0,40.0
Mies,112.0,353.0,1105.0,2.0,441.0,213.0
Miglieglia,6.0,70.0,121.0,0.0,82.0,60.0
Milvignes,4088.0,25.0,3173.0,55.0,244.0,1668.0
Minusio,53.0,1237.0,4013.0,0.0,1750.0,314.0
Mirchel,0.0,11.0,224.0,14.0,167.0,194.0
Misery-Courtion,17.0,195.0,785.0,0.0,994.0,317.0
Missy,4.0,20.0,174.0,7.0,117.0,76.0
Moiry,7.0,31.0,86.0,0.0,50.0,133.0
Mollens (VD),124.0,45.0,100.0,0.0,12.0,52.0
Molondin,3.0,27.0,120.0,0.0,30.0,64.0
Mont-Noble,7.0,359.0,417.0,0.0,117.0,319.0
Mont-Tramelan,0.0,0.0,20.0,0.0,0.0,99.0
Mont-Vully,24.0,247.0,1580.0,11.0,1574.0,955.0
Mont-la-Ville,104.0,54.0,177.0,0.0,104.0,78.0
Mont-sur-Rolle,1229.0,205.0,849.0,2.0,167.0,206.0
Montagny (FR),24.0,195.0,1101.0,0.0,998.0,612.0
Montagny-près-Yverdon,253.0,116.0,248.0,4.0,87.0,60.0
Montanaire,705.0,231.0,984.0,0.0,333.0,571.0
Montcherand,232.0,46.0,129.0,0.0,32.0,65.0
Monteceneri,374.0,346.0,2498.0,1.0,1206.0,212.0
Montet (Glâne),0.0,31.0,185.0,0.0,156.0,109.0
Montfaucon,0.0,20.0,302.0,0.0,96.0,181.0
Monthey,4530.0,2067.0,3056.0,0.0,1055.0,7517.0
Montilliez,722.0,193.0,579.0,0.0,187.0,214.0
Montpreveyres,26.0,41.0,340.0,0.0,113.0,149.0
Montreux,15367.0,307.0,8509.0,106.0,673.0,1046.0
Montricher,271.0,146.0,310.0,0.0,48.0,224.0
Moosleerau,58.0,116.0,367.0,0.0,206.0,170.0
Moosseedorf,1703.0,113.0,1201.0,0.0,669.0,422.0
Morbio Inferiore,1508.0,375.0,1766.0,0.0,612.0,46.0
Morcote,6.0,174.0,383.0,0.0,153.0,31.0
Morges,8540.0,725.0,5428.0,28.0,922.0,1037.0
Morlon,35.0,20.0,305.0,6.0,162.0,139.0
Morrens (VD),189.0,224.0,441.0,0.0,215.0,105.0
Morschach,0.0,131.0,511.0,3.0,185.0,362.0
Mosnang,0.0,68.0,650.0,0.0,799.0,1510.0
Moudon,2396.0,440.0,2648.0,3.0,242.0,427.0
Moutier,40.0,152.0,5604.0,7.0,721.0,765.0
Movelier,0.0,43.0,240.0,0.0,36.0,114.0
Muhen,584.0,308.0,1609.0,0.0,1091.0,469.0
Mumpf,0.0,66.0,885.0,0.0,501.0,106.0
Muntelier,171.0,135.0,291.0,2.0,226.0,122.0
Muntogna da Schons,0.0,25.0,45.0,0.0,78.0,246.0
Muolen,22.0,64.0,431.0,4.0,212.0,542.0
Muotathal,0.0,122.0,1140.0,0.0,142.0,2148.0
Muralto,14.0,399.0,1756.0,0.0,372.0,80.0
Murgenthal,95.0,157.0,1700.0,0.0,747.0,359.0
Muri (AG),6.0,368.0,3557.0,54.0,2382.0,2043.0
Muri bei Bern,3902.0,502.0,5512.0,3.0,2181.0,1114.0
Muriaux,7.0,33.0,340.0,0.0,25.0,156.0
Murten,235.0,400.0,4087.0,11.0,2671.0,2068.0
Mutrux,0.0,6.0,82.0,0.0,10.0,55.0
Muttenz,8357.0,122.0,3755.0,2583.0,16.0,3060.0
Muzzano,162.0,110.0,342.0,2.0,168.0,12.0
Mägenwil,511.0,104.0,849.0,0.0,505.0,190.0
Männedorf,3852.0,632.0,3620.0,15.0,2603.0,713.0
Märstetten,1067.0,49.0,986.0,0.0,376.0,484.0
Ménières,19.0,18.0,154.0,0.0,179.0,70.0
Mézières (FR),11.0,53.0,532.0,0.0,349.0,179.0
Möhlin,163.0,445.0,5680.0,8.0,2538.0,2340.0
Mönchaltorf,72.0,129.0,1486.0,4.0,2007.0,439.0
Mönthal,0.0,33.0,171.0,3.0,78.0,114.0
Mörel-Filet,5.0,213.0,295.0,0.0,65.0,159.0
Mörigen,4.0,88.0,495.0,0.0,160.0,155.0
Möriken-Wildegg,954.0,259.0,1558.0,29.0,736.0,1123.0
Mörschwil,22.0,114.0,1503.0,0.0,1480.0,534.0
Mühlau,0.0,33.0,574.0,0.0,356.0,301.0
Mühleberg,11.0,368.0,1417.0,2.0,471.0,823.0
Müllheim,1256.0,52.0,962.0,3.0,410.0,509.0
Mülligen,205.0,60.0,413.0,0.0,275.0,133.0
Mümliswil-Ramiswil,10.0,84.0,1473.0,7.0,422.0,418.0
Münchenbuchsee,325.0,156.0,6617.0,26.0,1511.0,1618.0
Münchenstein,5930.0,117.0,2530.0,1588.0,25.0,2026.0
Münchenwiler,2.0,21.0,293.0,0.0,188.0,58.0
Münchwilen (AG),0.0,76.0,493.0,0.0,265.0,173.0
Münchwilen (TG),1727.0,151.0,2088.0,21.0,819.0,1073.0
Münsingen,37.0,349.0,6158.0,5.0,3687.0,2842.0
Münsterlingen,909.0,77.0,1448.0,0.0,717.0,359.0
Müntschemier,0.0,44.0,793.0,11.0,520.0,235.0
Naters,277.0,976.0,5909.0,40.0,2225.0,1072.0
Nebikon,42.0,167.0,1507.0,0.0,769.0,333.0
Neckertal,22.0,232.0,1154.0,14.0,994.0,1934.0
Neerach,0.0,250.0,1562.0,0.0,1212.0,243.0
Neftenbach,0.0,96.0,2395.0,5.0,2807.0,538.0
Neggio,0.0,88.0,174.0,1.0,46.0,13.0
Nendaz,456.0,1729.0,2489.0,1.0,1492.0,979.0
Nenzlingen,0.0,24.0,202.0,48.0,0.0,190.0
Nesslau,13.0,216.0,914.0,6.0,775.0,2035.0
Neuchâtel,20932.0,294.0,19052.0,4.0,852.0,3300.0
Neuendorf,38.0,278.0,1055.0,0.0,785.0,190.0
Neuenegg,31.0,359.0,2914.0,9.0,1072.0,1282.0
Neuenhof,2201.0,410.0,4901.0,0.0,844.0,585.0
Neuenkirch,5.0,184.0,2460.0,2.0,2260.0,2353.0
Neuhausen am Rheinfall,4253.0,251.0,4354.0,3.0,778.0,920.0
Neuheim,0.0,261.0,1094.0,0.0,622.0,389.0
Neunforn,2.0,53.0,322.0,8.0,282.0,431.0
Neunkirch,3.0,79.0,1269.0,0.0,660.0,440.0
Neyruz (FR),153.0,245.0,1025.0,0.0,819.0,574.0
Nidau,2704.0,99.0,2933.0,0.0,833.0,504.0
Niederbipp,265.0,208.0,2707.0,18.0,1057.0,962.0
Niederbuchsiten,266.0,26.0,438.0,0.0,283.0,268.0
Niederbüren,0.0,30.0,535.0,6.0,389.0,621.0
Niederdorf,0.0,62.0,1060.0,196.0,0.0,471.0
Niedergesteln,6.0,78.0,352.0,0.0,161.0,134.0
Niederglatt,54.0,160.0,3065.0,0.0,1485.0,266.0
Niedergösgen,143.0,76.0,2370.0,6.0,599.0,874.0
Niederhasli,202.0,351.0,5481.0,0.0,2490.0,905.0
Niederhelfenschwil,864.0,61.0,843.0,3.0,886.0,570.0
Niederhünigen,0.0,13.0,282.0,15.0,153.0,269.0
Niederlenz,1649.0,174.0,1674.0,54.0,817.0,341.0
Niedermuhlern,0.0,14.0,175.0,0.0,82.0,254.0
Niederried bei Interlaken,0.0,15.0,162.0,5.0,80.0,97.0
Niederrohrdorf,50.0,237.0,1991.0,7.0,1738.0,360.0
Niederweningen,19.0,116.0,1095.0,8.0,1286.0,564.0
Niederwil (AG),16.0,81.0,1575.0,0.0,854.0,349.0
Niederönz,533.0,79.0,539.0,5.0,382.0,184.0
Noble-Contrée,1577.0,896.0,1155.0,0.0,832.0,233.0
Nods,10.0,66.0,381.0,2.0,149.0,216.0
Nottwil,2.0,97.0,1489.0,0.0,1813.0,720.0
Novaggio,2.0,214.0,428.0,2.0,161.0,52.0
Novalles,0.0,6.0,60.0,0.0,7.0,27.0
Novazzano,604.0,305.0,1023.0,0.0,343.0,61.0
Noville,132.0,97.0,480.0,2.0,176.0,317.0
Nuglar-St. Pantaleon,3.0,100.0,842.0,6.0,286.0,298.0
Nunningen,5.0,49.0,1177.0,5.0,336.0,402.0
Nusshof,0.0,10.0,60.0,49.0,0.0,144.0
Nuvilly,6.0,67.0,154.0,0.0,145.0,93.0
Nyon,10680.0,463.0,8340.0,38.0,1025.0,1554.0
Nürensdorf,0.0,201.0,2636.0,0.0,1952.0,949.0
Oberbalm,0.0,35.0,180.0,0.0,62.0,628.0
Oberbipp,34.0,63.0,917.0,25.0,493.0,289.0
Oberbuchsiten,387.0,36.0,880.0,0.0,615.0,363.0
Oberburg,840.0,75.0,862.0,2.0,471.0,664.0
Oberbüren,712.0,47.0,1535.0,422.0,86.0,1744.0
Oberdiessbach,6.0,154.0,1757.0,2.0,755.0,918.0
Oberdorf (BL),0.0,109.0,1226.0,381.0,0.0,787.0
Oberdorf (NW),10.0,262.0,1450.0,0.0,559.0,829.0
Oberdorf (SO),493.0,74.0,631.0,0.0,277.0,382.0
Oberegg,395.0,44.0,528.0,1.0,309.0,733.0
Oberembrach,0.0,47.0,408.0,0.0,337.0,307.0
Oberems,0.0,46.0,16.0,0.0,17.0,61.0
Oberengstringen,1689.0,191.0,3574.0,6.0,900.0,476.0
Oberentfelden,2454.0,591.0,3218.0,4.0,1521.0,797.0
Obergerlafingen,651.0,46.0,350.0,22.0,185.0,92.0
Oberglatt,3.0,177.0,4036.0,19.0,2908.0,348.0
Obergoms,3.0,95.0,306.0,1.0,93.0,163.0
Obergösgen,535.0,61.0,1120.0,3.0,290.0,387.0
Oberhallau,0.0,16.0,167.0,0.0,118.0,151.0
Oberhelfenschwil,5.0,72.0,344.0,7.0,245.0,637.0
Oberhof,0.0,9.0,175.0,3.0,209.0,184.0
Oberhofen am Thunersee,594.0,149.0,956.0,22.0,425.0,271.0
Oberhünigen,0.0,9.0,89.0,0.0,63.0,180.0
Oberiberg,0.0,176.0,369.0,0.0,130.0,242.0
Oberkirch,0.0,182.0,1042.0,65.0,2036.0,1574.0
Oberkulm,4.0,133.0,1419.0,19.0,846.0,521.0
Oberlangenegg,12.0,36.0,146.0,0.0,67.0,277.0
Oberlunkhofen,0.0,12.0,1050.0,0.0,736.0,297.0
Obermumpf,5.0,42.0,502.0,0.0,367.0,141.0
Oberried am Brienzersee,0.0,14.0,202.0,4.0,87.0,143.0
Oberrieden,2109.0,185.0,1736.0,26.0,817.0,266.0
Oberriet (SG),1126.0,85.0,3977.0,2.0,1913.0,2071.0
Oberrohrdorf,6.0,206.0,2464.0,0.0,1077.0,328.0
Oberrüti,31.0,35.0,612.0,2.0,493.0,437.0
Obersaxen Mundaun,2.0,185.0,502.0,0.0,227.0,295.0
Obersiggenthal,633.0,193.0,4312.0,21.0,1273.0,2306.0
Oberthal,5.0,46.0,141.0,0.0,46.0,557.0
Oberuzwil,1959.0,210.0,1896.0,7.0,1735.0,926.0
Oberweningen,0.0,114.0,956.0,0.0,652.0,160.0
Oberwil (BL),4570.0,154.0,2256.0,2020.0,13.0,2107.0
Oberwil bei Büren,4.0,59.0,385.0,2.0,183.0,296.0
Oberwil im Simmental,0.0,42.0,200.0,2.0,56.0,565.0
Oberwil-Lieli,2.0,64.0,1239.0,2.0,934.0,318.0
Oberägeri,42.0,220.0,3255.0,2.0,1606.0,1418.0
Obfelden,347.0,270.0,2383.0,4.0,2194.0,581.0
Ochlenberg,7.0,7.0,80.0,3.0,94.0,401.0
Oekingen,9.0,6.0,397.0,0.0,327.0,143.0
Oensingen,1263.0,114.0,2744.0,0.0,692.0,1620.0
Oeschenbach,0.0,8.0,55.0,5.0,29.0,156.0
Oeschgen,12.0,36.0,426.0,4.0,427.0,204.0
Oetwil am See,16.0,97.0,2436.0,2.0,1430.0,992.0
Oetwil an der Limmat,4.0,30.0,1531.0,0.0,826.0,133.0
Oftringen,3919.0,272.0,5713.0,5.0,3159.0,1811.0
Ogens,155.0,14.0,86.0,0.0,31.0,44.0
Ollon,4016.0,241.0,2505.0,6.0,532.0,776.0
Olsberg,0.0,24.0,136.0,0.0,100.0,79.0
Olten,9279.0,166.0,5884.0,5.0,1959.0,1040.0
Oltingen,3.0,11.0,96.0,54.0,0.0,347.0
Onex,4943.0,98.0,9849.0,0.0,862.0,2865.0
Onnens (VD),10.0,27.0,264.0,3.0,104.0,93.0
Onsernone,4.0,355.0,126.0,10.0,66.0,223.0
Opfikon,3854.0,93.0,7798.0,0.0,3464.0,5808.0
Oppens,3.0,26.0,92.0,0.0,15.0,75.0
Oppligen,0.0,24.0,304.0,3.0,118.0,220.0
Orbe,4543.0,447.0,1541.0,0.0,330.0,662.0
Orges,15.0,32.0,165.0,0.0,95.0,68.0
Origlio,86.0,211.0,919.0,0.0,294.0,22.0
Ormalingen,0.0,51.0,783.0,277.0,0.0,1216.0
Ormont-Dessous,8.0,80.0,594.0,2.0,46.0,686.0
Ormont-Dessus,7.0,169.0,976.0,3.0,29.0,414.0
Orny,103.0,31.0,154.0,0.0,94.0,103.0
Oron,1005.0,613.0,2998.0,10.0,832.0,726.0
Orpund,267.0,139.0,1657.0,21.0,782.0,368.0
Orselina,2.0,199.0,312.0,1.0,152.0,42.0
Orsières,23.0,1268.0,755.0,2.0,194.0,1084.0
Orvin,10.0,83.0,706.0,0.0,174.0,316.0
Orzens,0.0,16.0,139.0,0.0,16.0,35.0
Ossingen,3.0,38.0,513.0,0.0,502.0,674.0
Ostermundigen,4047.0,278.0,8994.0,2.0,3058.0,1707.0
Otelfingen,10.0,109.0,1589.0,0.0,1003.0,220.0
Othmarsingen,438.0,112.0,1352.0,5.0,807.0,328.0
Ottenbach,50.0,209.0,1037.0,0.0,1005.0,457.0
Oulens-sous-Echallens,22.0,42.0,328.0,2.0,122.0,103.0
Pailly,205.0,46.0,169.0,0.0,71.0,91.0
Paradiso,1055.0,217.0,2631.0,0.0,445.0,155.0
Paudex,767.0,38.0,533.0,0.0,121.0,60.0
Payerne,2183.0,608.0,5417.0,24.0,1182.0,856.0
Penthalaz,1796.0,351.0,740.0,0.0,126.0,199.0
Penthaz,1100.0,239.0,357.0,0.0,113.0,81.0
Penthéréaz,3.0,46.0,208.0,0.0,86.0,76.0
Perly-Certoux,1408.0,22.0,1492.0,2.0,141.0,44.0
Perrefitte,4.0,14.0,325.0,0.0,61.0,87.0
Perroy,815.0,56.0,454.0,5.0,135.0,55.0
Personico,4.0,143.0,105.0,2.0,59.0,15.0
Petit-Val,0.0,3.0,126.0,0.0,62.0,248.0
Pfaffnau,184.0,88.0,891.0,0.0,825.0,749.0
Pfeffingen,781.0,33.0,770.0,382.0,0.0,456.0
Pfungen,958.0,44.0,1495.0,0.0,1260.0,210.0
Pfyn,650.0,42.0,678.0,0.0,435.0,417.0
Pfäfers,2.0,31.0,686.0,4.0,189.0,684.0
Pfäffikon,744.0,373.0,6301.0,20.0,2939.0,2026.0
Pierrafortscha,8.0,11.0,98.0,0.0,32.0,44.0
Pieterlen,9.0,347.0,2618.0,14.0,1400.0,602.0
Plaffeien,2.0,338.0,1172.0,1.0,1214.0,1026.0
Plan-les-Ouates,5803.0,529.0,2759.0,0.0,713.0,1918.0
Plasselb,4.0,153.0,424.0,2.0,237.0,209.0
Plateau de Diesse,22.0,131.0,1209.0,2.0,332.0,464.0
Pleigne,5.0,29.0,144.0,0.0,57.0,133.0
Pohlern,5.0,10.0,93.0,2.0,50.0,94.0
Poliez-Pittet,349.0,56.0,276.0,6.0,76.0,74.0
Pollegio,13.0,207.0,328.0,5.0,239.0,45.0
Pompaples,69.0,128.0,300.0,0.0,151.0,209.0
Pomy,332.0,83.0,310.0,0.0,77.0,54.0
Pont-en-Ogoz,29.0,152.0,747.0,2.0,578.0,512.0
Pont-la-Ville,10.0,79.0,235.0,1.0,189.0,114.0
Ponte Capriasca,31.0,342.0,1098.0,0.0,384.0,41.0
Ponthaux,8.0,46.0,337.0,0.0,290.0,104.0
Pontresina,0.0,35.0,1566.0,0.0,470.0,62.0
Porrentruy,20.0,260.0,2629.0,13.0,802.0,2765.0
Port,418.0,160.0,1424.0,7.0,747.0,1179.0
Port-Valais,1295.0,775.0,1448.0,2.0,630.0,246.0
Porza,446.0,123.0,662.0,2.0,349.0,43.0
Poschiavo,5.0,661.0,1028.0,4.0,613.0,1197.0
Prangins,1777.0,438.0,1369.0,0.0,398.0,147.0
Prato (Leventina),1.0,126.0,164.0,1.0,49.0,66.0
Pratteln,5901.0,371.0,3230.0,2648.0,15.0,4314.0
Pregny-Chambésy,1758.0,212.0,1233.0,0.0,529.0,121.0
Premier,0.0,35.0,67.0,0.0,23.0,109.0
Presinge,7.0,30.0,397.0,0.0,195.0,55.0
Prez,47.0,139.0,791.0,0.0,981.0,486.0
Prilly,4148.0,66.0,5582.0,4.0,462.0,1198.0
Provence,5.0,53.0,138.0,0.0,51.0,198.0
Préverenges,3033.0,305.0,1461.0,25.0,211.0,126.0
Prévondavaux,0.0,0.0,28.0,0.0,14.0,55.0
Prévonloup,61.0,12.0,72.0,0.0,51.0,26.0
Puidoux,1052.0,273.0,1048.0,0.0,107.0,543.0
Pully,8527.0,233.0,8860.0,46.0,888.0,444.0
Puplinge,218.0,267.0,1227.0,0.0,549.0,303.0
Pura,2.0,186.0,824.0,0.0,362.0,43.0
Péry-La Heutte,13.0,134.0,1220.0,0.0,289.0,291.0
Quarten,4.0,133.0,1449.0,2.0,599.0,891.0
Quinto,20.0,335.0,416.0,0.0,110.0,127.0
Radelfingen,0.0,61.0,393.0,10.0,269.0,552.0
Rafz,3.0,123.0,1706.0,9.0,1776.0,1093.0
Rain,0.0,108.0,1229.0,0.0,1055.0,548.0
Ramlinsburg,2.0,38.0,286.0,125.0,0.0,278.0
Ramsen,22.0,116.0,702.0,2.0,355.0,349.0
Rances,3.0,45.0,286.0,0.0,72.0,114.0
Randa,0.0,69.0,218.0,0.0,42.0,108.0
Raperswilen,4.0,14.0,167.0,0.0,63.0,183.0
Rapperswil (BE),17.0,91.0,1104.0,12.0,635.0,840.0
Rapperswil-Jona,11923.0,934.0,7183.0,8.0,5833.0,2051.0
Raron,35.0,232.0,1061.0,0.0,313.0,314.0
Realp,1.0,1.0,108.0,0.0,27.0,12.0
Rebstein,1428.0,25.0,1675.0,6.0,1184.0,499.0
Rebévelier,0.0,0.0,13.0,0.0,8.0,26.0
Recherswil,1040.0,46.0,492.0,10.0,388.0,132.0
Rechthalten,0.0,77.0,354.0,0.0,429.0,317.0
Reconvilier,37.0,75.0,1587.0,2.0,201.0,452.0
Regensberg,0.0,13.0,302.0,0.0,58.0,72.0
Regensdorf,3510.0,280.0,9042.0,22.0,3956.0,1704.0
Rehetobel,610.0,61.0,586.0,3.0,127.0,410.0
Reichenbach im Kandertal,3.0,293.0,1413.0,8.0,604.0,1467.0
Reichenburg,914.0,168.0,1857.0,0.0,473.0,629.0
Reiden,297.0,281.0,3430.0,12.0,1966.0,1448.0
Reigoldswil,13.0,90.0,661.0,231.0,0.0,586.0
Reinach (AG),297.0,266.0,5710.0,43.0,2279.0,487.0
Reinach (BL),7600.0,158.0,6491.0,2802.0,22.0,2110.0
Reisiswil,0.0,2.0,55.0,2.0,42.0,92.0
Reitnau,8.0,139.0,691.0,0.0,358.0,389.0
Remaufens,128.0,95.0,425.0,0.0,411.0,212.0
Remetschwil,6.0,124.0,1039.0,0.0,685.0,212.0
Remigen,0.0,145.0,391.0,0.0,580.0,266.0
Renan (BE),52.0,30.0,514.0,0.0,127.0,286.0
Renens (VD),9287.0,360.0,8717.0,187.0,749.0,1797.0
Rennaz,574.0,37.0,178.0,8.0,29.0,68.0
Reute (AR),102.0,23.0,246.0,2.0,117.0,287.0
Reutigen,0.0,51.0,386.0,0.0,109.0,498.0
Rheinau,0.0,70.0,680.0,0.0,352.0,206.0
Rheineck,1655.0,20.0,981.0,2.0,572.0,203.0
Rheinfelden,4892.0,530.0,2858.0,0.0,917.0,4515.0
Rheinwald,0.0,87.0,123.0,0.0,64.0,302.0
Rhäzüns,0.0,27.0,866.0,5.0,515.0,226.0
Riaz,4.0,251.0,1225.0,1.0,565.0,844.0
Richterswil,6084.0,817.0,4119.0,0.0,2249.0,596.0
Rickenbach (BL),0.0,13.0,199.0,76.0,0.0,321.0
Rickenbach (LU),0.0,61.0,1666.0,6.0,1048.0,774.0
Rickenbach (SO),46.0,71.0,430.0,6.0,185.0,360.0
Rickenbach (TG),841.0,39.0,1304.0,3.0,162.0,340.0
Rickenbach (ZH),0.0,109.0,1498.0,3.0,904.0,290.0
Riddes,57.0,550.0,1451.0,0.0,997.0,444.0
Ried bei Kerzers,6.0,37.0,490.0,4.0,489.0,216.0
Ried-Brig,9.0,252.0,1052.0,0.0,425.0,472.0
Riederalp,9.0,154.0,141.0,1.0,26.0,118.0
Riedholz,36.0,107.0,1143.0,5.0,377.0,688.0
Riehen,8335.0,204.0,2167.0,445.0,696.0,9849.0
Riemenstalden,0.0,0.0,11.0,0.0,2.0,76.0
Rifferswil,21.0,25.0,342.0,6.0,412.0,359.0
Riggisberg,0.0,85.0,1365.0,13.0,583.0,1138.0
Ringgenberg (BE),11.0,132.0,1433.0,66.0,395.0,557.0
Riniken,0.0,65.0,386.0,0.0,234.0,813.0
Risch,2643.0,380.0,3870.0,0.0,3027.0,1298.0
Riva San Vitale,729.0,378.0,979.0,5.0,501.0,68.0
Rivaz,227.0,5.0,83.0,0.0,4.0,13.0
Riviera,71.0,1110.0,1610.0,17.0,1243.0,238.0
Roche (VD),482.0,37.0,530.0,3.0,109.0,721.0
Rochefort,15.0,66.0,603.0,2.0,116.0,550.0
Roches (BE),0.0,3.0,135.0,0.0,13.0,47.0
Rodersdorf,0.0,12.0,807.0,0.0,192.0,403.0
Roggenburg,0.0,7.0,179.0,30.0,0.0,64.0
Roggliswil,6.0,23.0,261.0,0.0,235.0,248.0
Roggwil (BE),0.0,133.0,2340.0,23.0,1146.0,624.0
Roggwil (TG),286.0,78.0,1823.0,0.0,708.0,444.0
Rohrbach,0.0,80.0,676.0,0.0,261.0,535.0
Rohrbachgraben,0.0,8.0,66.0,0.0,36.0,305.0
Rolle,3561.0,301.0,1879.0,1.0,299.0,369.0
Romainmôtier-Envy,169.0,69.0,213.0,0.0,19.0,68.0
Romanel-sur-Lausanne,1425.0,250.0,1601.0,0.0,147.0,94.0
Romanel-sur-Morges,61.0,165.0,160.0,0.0,51.0,29.0
Romanshorn,4122.0,256.0,4415.0,2.0,1616.0,1109.0
Romont (BE),2.0,7.0,86.0,0.0,39.0,95.0
Romont (FR),491.0,459.0,2558.0,12.0,958.0,993.0
Romoos,0.0,21.0,61.0,2.0,49.0,566.0
Ronco sopra Ascona,6.0,187.0,230.0,0.0,137.0,48.0
Rongellen,0.0,9.0,6.0,0.0,22.0,15.0
Root,5.0,240.0,2169.0,0.0,1661.0,1331.0
Ropraz,153.0,36.0,238.0,0.0,36.0,90.0
Rorbas,4.0,151.0,1539.0,0.0,942.0,244.0
Rorschach,2359.0,423.0,4425.0,0.0,1531.0,745.0
Rorschacherberg,2624.0,41.0,1964.0,0.0,2215.0,611.0
Rossa,0.0,66.0,25.0,0.0,8.0,72.0
Rossemaison,259.0,53.0,280.0,0.0,67.0,59.0
Rossenges,4.0,0.0,35.0,0.0,14.0,44.0
Rossinière,0.0,60.0,283.0,0.0,71.0,158.0
Rothenbrunnen,0.0,9.0,123.0,0.0,99.0,65.0
Rothenburg,1223.0,509.0,2584.0,405.0,1725.0,1363.0
Rothenfluh,7.0,47.0,209.0,102.0,0.0,408.0
Rothenthurm,0.0,294.0,919.0,0.0,469.0,866.0
Rothrist,365.0,517.0,4669.0,0.0,3112.0,787.0
Rottenschwil,0.0,22.0,466.0,0.0,296.0,139.0
Rougemont,5.0,125.0,457.0,1.0,96.0,230.0
Roveredo (GR),7.0,781.0,1066.0,4.0,546.0,242.0
Rovray,53.0,15.0,57.0,4.0,31.0,49.0
Rubigen,236.0,205.0,1310.0,5.0,609.0,595.0
Rudolfstetten-Friedlisberg,11.0,184.0,3225.0,24.0,885.0,336.0
Rue,193.0,66.0,611.0,2.0,440.0,259.0
Rueyres,114.0,22.0,64.0,0.0,32.0,77.0
Rumendingen,0.0,2.0,21.0,0.0,10.0,55.0
Rumisberg,0.0,39.0,257.0,3.0,103.0,120.0
Rupperswil,903.0,350.0,2173.0,33.0,1767.0,556.0
Russikon,2.0,98.0,2034.0,8.0,1640.0,704.0
Russin,153.0,14.0,286.0,0.0,38.0,40.0
Ruswil,361.0,310.0,2233.0,39.0,2185.0,2117.0
Römerswil,0.0,88.0,493.0,11.0,502.0,790.0
Röschenz,2.0,68.0,943.0,189.0,0.0,707.0
Röthenbach im Emmental,0.0,34.0,271.0,5.0,93.0,841.0
Rüderswil,0.0,79.0,717.0,10.0,350.0,1324.0
Rüdlingen,0.0,40.0,325.0,0.0,351.0,137.0
Rüdtligen-Alchenflüh,488.0,81.0,1017.0,6.0,505.0,247.0
Rüeggisberg,0.0,94.0,559.0,2.0,226.0,1058.0
Rüegsau,44.0,176.0,1335.0,2.0,680.0,1170.0
Rüfenach,117.0,50.0,127.0,0.0,163.0,423.0
Rümlang,2637.0,234.0,2879.0,0.0,2162.0,417.0
Rümlingen,3.0,13.0,197.0,48.0,0.0,183.0
Rünenberg,5.0,41.0,299.0,124.0,0.0,305.0
Rüschegg,9.0,167.0,694.0,0.0,201.0,791.0
Rüschlikon,1330.0,200.0,2802.0,21.0,1627.0,203.0
Rüthi (SG),167.0,41.0,1101.0,7.0,508.0,652.0
Rüti (ZH),4001.0,537.0,5275.0,12.0,2274.0,668.0
Rüti bei Büren,3.0,64.0,463.0,0.0,155.0,183.0
Rüti bei Lyssach,0.0,23.0,61.0,0.0,32.0,68.0
Rütschelen,5.0,51.0,198.0,1.0,113.0,227.0
Rüttenen,596.0,46.0,512.0,0.0,244.0,195.0
S-chanf,0.0,35.0,357.0,0.0,74.0,244.0
Saanen,136.0,379.0,2912.0,65.0,1321.0,2300.0
Saas-Almagell,0.0,94.0,220.0,2.0,26.0,24.0
Saas-Balen,0.0,103.0,197.0,0.0,11.0,71.0
Saas-Fee,28.0,287.0,975.0,0.0,190.0,90.0
Saas-Grund,0.0,77.0,737.0,1.0,112.0,54.0
Sachseln,0.0,258.0,1905.0,2.0,1369.0,1692.0
Safenwil,304.0,163.0,1833.0,5.0,1473.0,548.0
Safiental,3.0,42.0,170.0,3.0,140.0,675.0
Safnern,161.0,100.0,1066.0,11.0,352.0,256.0
Sagogn,0.0,60.0,347.0,4.0,196.0,149.0
Saicourt,0.0,20.0,364.0,0.0,83.0,182.0
Saignelégier,6.0,149.0,1577.0,0.0,408.0,491.0
Saillon,18.0,436.0,446.0,2.0,1734.0,244.0
Saint-Aubin (FR),30.0,187.0,710.0,3.0,624.0,316.0
Saint-Barthélemy (VD),380.0,116.0,151.0,0.0,71.0,100.0
Saint-Blaise,1226.0,16.0,1705.0,6.0,125.0,170.0
Saint-Brais,0.0,20.0,99.0,0.0,24.0,113.0
Saint-Cergue,84.0,1048.0,856.0,0.0,115.0,679.0
Saint-George,36.0,226.0,394.0,0.0,175.0,263.0
Saint-Gingolph,33.0,194.0,545.0,4.0,98.0,141.0
Saint-Imier,1793.0,197.0,2493.0,3.0,352.0,337.0
Saint-Livres,281.0,42.0,163.0,0.0,66.0,116.0
Saint-Léonard,1529.0,114.0,318.0,3.0,207.0,291.0
Saint-Martin (FR),8.0,78.0,444.0,0.0,258.0,254.0
Saint-Martin (VS),2.0,277.0,189.0,2.0,30.0,396.0
Saint-Maurice,1973.0,468.0,1235.0,0.0,522.0,381.0
Saint-Oyens,33.0,30.0,139.0,0.0,149.0,106.0
Saint-Prex,2729.0,374.0,1891.0,0.0,488.0,400.0
Saint-Saphorin (Lavaux),278.0,14.0,119.0,0.0,3.0,20.0
Saint-Sulpice (VD),2471.0,127.0,1185.0,5.0,503.0,570.0
Sainte-Croix,2511.0,212.0,1676.0,2.0,126.0,482.0
Salenstein,321.0,66.0,562.0,5.0,107.0,352.0
Salgesch,70.0,118.0,618.0,0.0,733.0,101.0
Salmsach,387.0,35.0,600.0,0.0,242.0,247.0
Salvan,18.0,459.0,457.0,0.0,180.0,356.0
Samedan,0.0,178.0,2222.0,0.0,241.0,235.0
Samnaun,0.0,47.0,514.0,0.0,123.0,104.0
San Vittore,0.0,241.0,315.0,0.0,232.0,136.0
Sant'Antonino,42.0,311.0,1450.0,0.0,700.0,66.0
Santa Maria in Calanca,0.0,42.0,29.0,1.0,5.0,50.0
Sargans,764.0,190.0,3071.0,8.0,1440.0,629.0
Sarmenstorf,11.0,87.0,1268.0,0.0,1223.0,395.0
Sarnen,9.0,776.0,4443.0,13.0,2805.0,2738.0
Satigny,897.0,149.0,2562.0,0.0,555.0,239.0
Sattel,17.0,132.0,688.0,10.0,381.0,755.0
Saubraz,236.0,22.0,104.0,0.0,34.0,50.0
Sauge,4.0,107.0,448.0,0.0,149.0,173.0
Saulcy,0.0,17.0,114.0,0.0,53.0,92.0
Saules (BE),0.0,19.0,59.0,0.0,14.0,74.0
Savigny,362.0,591.0,1672.0,0.0,470.0,342.0
Savièse,170.0,1171.0,3294.0,4.0,2105.0,1432.0
Savosa,189.0,113.0,1363.0,6.0,322.0,38.0
Saxeten,0.0,11.0,26.0,0.0,3.0,56.0
Saxon,207.0,988.0,2150.0,4.0,2562.0,652.0
Schaffhausen,16952.0,887.0,12888.0,2.0,3655.0,2974.0
Schafisheim,92.0,313.0,1146.0,0.0,1101.0,432.0
Schangnau,0.0,10.0,221.0,5.0,47.0,712.0
Scharans,2.0,80.0,195.0,0.0,247.0,294.0
Schattdorf,0.0,767.0,2221.0,41.0,1208.0,1222.0
Schattenhalb,0.0,13.0,287.0,0.0,38.0,242.0
Schelten,0.0,0.0,2.0,0.0,2.0,41.0
Schenkon,5.0,211.0,996.0,4.0,1357.0,540.0
Scheuren,6.0,10.0,287.0,0.0,94.0,123.0
Schiers,8.0,26.0,1510.0,10.0,502.0,841.0
Schinznach,5.0,214.0,1212.0,8.0,589.0,378.0
Schlatt (TG),148.0,93.0,740.0,8.0,601.0,265.0
Schlatt (ZH),0.0,12.0,181.0,0.0,320.0,262.0
Schlatt-Haslen,5.0,19.0,213.0,0.0,312.0,707.0
Schleinikon,0.0,33.0,373.0,0.0,244.0,214.0
Schleitheim,0.0,45.0,766.0,5.0,389.0,536.0
Schlierbach,4.0,22.0,251.0,0.0,422.0,241.0
Schlieren,5442.0,195.0,6560.0,5.0,1678.0,5835.0
Schlossrued,3.0,61.0,349.0,0.0,188.0,275.0
Schluein,4.0,39.0,311.0,0.0,154.0,117.0
Schmerikon,1543.0,168.0,1191.0,0.0,837.0,318.0
Schmiedrued,2.0,94.0,429.0,4.0,229.0,457.0
Schmitten (FR),23.0,181.0,1571.0,2.0,1809.0,632.0
Schmitten (GR),1.0,53.0,96.0,2.0,34.0,34.0
Schneisingen,6.0,84.0,698.0,0.0,361.0,416.0
Schnottwil,6.0,13.0,529.0,0.0,215.0,394.0
Schongau,0.0,42.0,181.0,0.0,392.0,467.0
Schupfart,3.0,21.0,299.0,0.0,288.0,207.0
Schwaderloch,0.0,70.0,356.0,0.0,178.0,97.0
Schwadernau,6.0,65.0,364.0,6.0,133.0,131.0
Schwanden bei Brienz,0.0,9.0,373.0,2.0,59.0,232.0
Schwarzenberg,0.0,77.0,554.0,2.0,449.0,718.0
Schwarzenburg,12.0,386.0,2739.0,16.0,1463.0,2492.0
Schwarzhäusern,0.0,33.0,189.0,15.0,148.0,154.0
Schwellbrunn,12.0,57.0,659.0,5.0,129.0,812.0
Schwende-Rüte,250.0,135.0,2252.0,22.0,2249.0,1361.0
Schwerzenbach,1621.0,54.0,1867.0,15.0,1323.0,206.0
Schwyz,631.0,336.0,7577.0,23.0,1613.0,5397.0
Schänis,311.0,83.0,1650.0,0.0,916.0,1098.0
Schöfflisdorf,0.0,100.0,746.0,0.0,429.0,120.0
Schöftland,387.0,247.0,2203.0,4.0,1246.0,474.0
Schönenbuch,688.0,10.0,317.0,209.0,2.0,176.0
Schönengrund,0.0,36.0,256.0,1.0,90.0,197.0
Schönenwerd,375.0,94.0,3244.0,0.0,554.0,849.0
Schönholzerswilen,3.0,15.0,259.0,0.0,159.0,440.0
Schötz,0.0,326.0,2198.0,0.0,1282.0,908.0
Schübelbach,1258.0,454.0,4995.0,0.0,1686.0,1139.0
Schüpfen,13.0,179.0,2024.0,0.0,587.0,1015.0
Schüpfheim,6.0,263.0,1461.0,0.0,1210.0,1448.0
Scuol,8.0,1253.0,1222.0,6.0,1458.0,789.0
Seeberg,6.0,183.0,496.0,4.0,264.0,686.0
Seedorf (BE),0.0,116.0,1388.0,5.0,600.0,1128.0
Seedorf (UR),0.0,217.0,774.0,0.0,648.0,423.0
Seegräben,184.0,80.0,495.0,2.0,500.0,165.0
Seehof,0.0,0.0,13.0,0.0,2.0,62.0
Seelisberg,0.0,200.0,187.0,1.0,86.0,282.0
Seengen,589.0,299.0,1178.0,0.0,1698.0,510.0
Seewen,6.0,18.0,515.0,31.0,187.0,340.0
Seewis im Prättigau,3.0,32.0,682.0,1.0,296.0,412.0
Seftigen,8.0,106.0,972.0,0.0,601.0,446.0
Seltisberg,0.0,46.0,458.0,124.0,9.0,660.0
Selzach,1285.0,87.0,1085.0,0.0,795.0,349.0
Sembrancher,5.0,209.0,369.0,0.0,155.0,321.0
Sempach,4.0,195.0,1630.0,0.0,1675.0,704.0
Semsales,4.0,117.0,556.0,0.0,491.0,346.0
Senarclens,243.0,54.0,89.0,0.0,64.0,44.0
Sennwald,705.0,144.0,2237.0,2.0,1745.0,1200.0
Seon,41.0,352.0,2819.0,0.0,1219.0,824.0
Sergey,6.0,9.0,49.0,0.0,46.0,35.0
Serravalle,29.0,729.0,716.0,0.0,433.0,210.0
Servion,346.0,461.0,784.0,0.0,362.0,181.0
Seuzach,99.0,324.0,3572.0,64.0,2914.0,656.0
Sevelen,664.0,122.0,2179.0,1.0,1224.0,1046.0
Siblingen,0.0,51.0,329.0,0.0,122.0,391.0
Sierre,10594.0,932.0,3806.0,0.0,1393.0,504.0
Siglistorf,0.0,16.0,364.0,0.0,210.0,98.0
Signau,0.0,124.0,941.0,23.0,419.0,1212.0
Signy-Avenex,207.0,66.0,269.0,0.0,31.0,20.0
Sigriswil,5.0,227.0,2297.0,31.0,1014.0,1370.0
Silenen,0.0,170.0,761.0,4.0,245.0,824.0
Sils im Domleschg,0.0,46.0,440.0,0.0,287.0,201.0
Sils im Engadin/Segl,0.0,8.0,556.0,2.0,115.0,60.0
Silvaplana,0.0,32.0,941.0,0.0,98.0,59.0
Simplon,8.0,207.0,42.0,3.0,5.0,43.0
Sins,696.0,75.0,1063.0,0.0,1236.0,1260.0
Sion,23278.0,950.0,6445.0,68.0,1898.0,2789.0
Sirnach,3242.0,142.0,3022.0,2.0,994.0,544.0
Siselen,0.0,53.0,320.0,9.0,105.0,175.0
Sisikon,0.0,52.0,157.0,0.0,100.0,83.0
Sissach,0.0,333.0,2983.0,1468.0,0.0,2050.0
Sisseln,3.0,24.0,567.0,0.0,978.0,118.0
Siviriez,10.0,137.0,912.0,0.0,835.0,635.0
Soazza,0.0,230.0,5.0,0.0,66.0,22.0
Solothurn,10880.0,298.0,3946.0,3.0,552.0,1158.0
Sommeri,0.0,24.0,193.0,3.0,206.0,226.0
Sonceboz-Sombeval,0.0,74.0,1347.0,0.0,353.0,179.0
Sonvilier,11.0,26.0,828.0,0.0,82.0,298.0
Soral,140.0,86.0,526.0,0.0,164.0,62.0
Sorengo,775.0,139.0,543.0,0.0,333.0,63.0
Sorens,9.0,66.0,414.0,15.0,362.0,263.0
Sorvilier,2.0,14.0,167.0,4.0,34.0,82.0
Soubey,1.0,15.0,40.0,0.0,1.0,84.0
Soyhières,4.0,30.0,286.0,0.0,26.0,77.0
Speicher,16.0,95.0,1959.0,4.0,1169.0,1254.0
Spiez,50.0,789.0,7243.0,6.0,3258.0,1730.0
Spiringen,3.0,83.0,181.0,0.0,50.0,574.0
Spreitenbach,3960.0,83.0,4611.0,0.0,1998.0,1471.0
St. Gallen,28633.0,515.0,21437.0,64.0,11359.0,14509.0
St. Margrethen,2083.0,70.0,2766.0,0.0,615.0,594.0
St. Moritz,6.0,5.0,4241.0,22.0,684.0,54.0
St. Niklaus,24.0,267.0,1294.0,0.0,145.0,535.0
St. Silvester,0.0,81.0,378.0,0.0,369.0,220.0
St. Stephan,14.0,115.0,351.0,12.0,100.0,778.0
St. Ursen,30.0,48.0,389.0,3.0,560.0,455.0
Stabio,1674.0,485.0,1642.0,0.0,581.0,138.0
Stadel,3.0,60.0,1069.0,0.0,900.0,337.0
Staffelbach,142.0,130.0,384.0,0.0,273.0,438.0
Stalden (VS),8.0,103.0,651.0,4.0,131.0,210.0
Staldenried,2.0,112.0,185.0,0.0,118.0,151.0
Stallikon,131.0,56.0,1897.0,0.0,1130.0,634.0
Stammheim,3.0,61.0,989.0,0.0,600.0,1248.0
Stans,230.0,193.0,3438.0,3.0,2667.0,1700.0
Stansstad,0.0,128.0,2324.0,54.0,1218.0,1132.0
Starrkirch-Wil,518.0,68.0,674.0,2.0,349.0,286.0
Staufen,1390.0,103.0,1299.0,0.0,774.0,593.0
Steckborn,1223.0,80.0,1565.0,4.0,594.0,424.0
Steffisburg,4988.0,465.0,5473.0,49.0,3060.0,2146.0
Steg-Hohtenn,84.0,159.0,979.0,8.0,297.0,256.0
Stein (AG),1327.0,183.0,828.0,0.0,864.0,181.0
Stein (AR),3.0,60.0,525.0,2.0,276.0,632.0
Stein am Rhein,1530.0,166.0,1301.0,0.0,296.0,257.0
Steinach,815.0,49.0,1069.0,0.0,801.0,855.0
Steinen,121.0,166.0,1717.0,0.0,522.0,1150.0
Steinerberg,3.0,22.0,323.0,0.0,229.0,386.0
Steinhausen,1713.0,143.0,5470.0,0.0,1927.0,982.0
Steinmaur,12.0,147.0,1929.0,4.0,1208.0,423.0
Stetten (AG),33.0,91.0,1104.0,7.0,568.0,545.0
Stetten (SH),101.0,48.0,643.0,0.0,462.0,171.0
Stettfurt,534.0,22.0,259.0,0.0,259.0,168.0
Stettlen,79.0,334.0,1735.0,7.0,595.0,612.0
Stocken-Höfen,2.0,35.0,438.0,1.0,274.0,317.0
Strengelbach,1360.0,206.0,2114.0,1.0,953.0,370.0
Studen (BE),104.0,236.0,1811.0,9.0,747.0,430.0
Stäfa,5340.0,511.0,4603.0,12.0,3700.0,650.0
Stüsslingen,0.0,27.0,532.0,0.0,256.0,440.0
Subingen,670.0,94.0,1525.0,0.0,760.0,145.0
Suchy,144.0,35.0,245.0,0.0,130.0,100.0
Sufers,0.0,27.0,32.0,0.0,26.0,68.0
Suhr,3568.0,534.0,3992.0,17.0,1881.0,894.0
Sulgen,1308.0,63.0,1505.0,2.0,677.0,478.0
Sullens,431.0,178.0,316.0,0.0,146.0,78.0
Sumiswald,6.0,200.0,1680.0,10.0,682.0,2697.0
Sumvitg,0.0,77.0,375.0,0.0,188.0,459.0
Surpierre,186.0,64.0,459.0,0.0,268.0,268.0
Sursee,177.0,512.0,5334.0,0.0,3065.0,1483.0
Surses,0.0,427.0,997.0,2.0,403.0,664.0
Suscévaz,5.0,48.0,112.0,0.0,29.0,26.0
Sutz-Lattrigen,10.0,170.0,781.0,2.0,269.0,193.0
Syens,22.0,10.0,71.0,0.0,16.0,57.0
Sâles,15.0,85.0,671.0,0.0,427.0,297.0
Sévaz,41.0,32.0,78.0,0.0,150.0,41.0
Tafers,266.0,419.0,2485.0,0.0,3101.0,1611.0
Tamins,3.0,46.0,662.0,2.0,267.0,252.0
Tannay,24.0,407.0,792.0,3.0,368.0,123.0
Tartegnin,72.0,47.0,38.0,0.0,18.0,41.0
Tavannes,3.0,84.0,2559.0,14.0,399.0,427.0
Tecknau,0.0,30.0,406.0,111.0,0.0,269.0
Tegerfelden,6.0,80.0,527.0,0.0,410.0,264.0
Tenero-Contra,158.0,559.0,1350.0,3.0,980.0,173.0
Tenniken,4.0,42.0,357.0,72.0,0.0,462.0
Tentlingen,0.0,67.0,534.0,6.0,407.0,312.0
Termen,16.0,116.0,508.0,0.0,310.0,142.0
Terre di Pedemonte,66.0,724.0,1021.0,0.0,731.0,173.0
Teufen (AR),47.0,156.0,3720.0,16.0,1540.0,1116.0
Teufenthal (AG),99.0,136.0,863.0,26.0,388.0,176.0
Teuffenthal (BE),0.0,5.0,39.0,0.0,10.0,113.0
Thal,2078.0,180.0,2591.0,1.0,1109.0,864.0
Thalheim (AG),2.0,21.0,418.0,2.0,262.0,179.0
Thalheim an der Thur,2.0,10.0,234.0,0.0,546.0,200.0
Thalwil,6675.0,733.0,6795.0,41.0,3362.0,983.0
Thayngen,1218.0,175.0,2175.0,1.0,836.0,1262.0
Therwil,4009.0,102.0,2754.0,1646.0,6.0,1633.0
Thierachern,0.0,83.0,1128.0,16.0,796.0,512.0
Thun,16848.0,969.0,17208.0,63.0,6422.0,2196.0
Thundorf,0.0,52.0,626.0,0.0,270.0,615.0
Thunersee,35.0,29.0,89.0,5.0,43.0,19.0
Thunstetten,455.0,150.0,1260.0,39.0,954.0,592.0
Thurnen,0.0,95.0,790.0,3.0,575.0,571.0
Thusis,53.0,201.0,1869.0,8.0,773.0,520.0
Thônex,6195.0,489.0,6016.0,0.0,1197.0,768.0
Thörigen,182.0,86.0,418.0,7.0,274.0,218.0
Thürnen,0.0,71.0,646.0,303.0,0.0,365.0
Titterten,2.0,13.0,97.0,74.0,0.0,240.0
Tobel-Tägerschen,247.0,56.0,686.0,2.0,350.0,262.0
Toffen,0.0,156.0,1409.0,9.0,584.0,525.0
Tolochenaz,307.0,486.0,908.0,5.0,119.0,60.0
Torny,81.0,34.0,395.0,0.0,456.0,134.0
Torricella-Taverne,234.0,214.0,1863.0,0.0,691.0,89.0
Trachselwald,0.0,28.0,166.0,2.0,91.0,757.0
Tramelan,21.0,99.0,3209.0,43.0,551.0,777.0
Trasadingen,0.0,48.0,269.0,2.0,219.0,110.0
Treiten,0.0,25.0,217.0,6.0,95.0,87.0
Tresa,63.0,596.0,1660.0,0.0,684.0,167.0
Trey,68.0,1.0,169.0,0.0,40.0,61.0
Treycovagnes,28.0,96.0,210.0,0.0,105.0,57.0
Treytorrens (Payerne),20.0,18.0,52.0,0.0,8.0,22.0
Treyvaux,2.0,76.0,538.0,0.0,502.0,471.0
Triengen,4.0,146.0,1692.0,12.0,1732.0,1160.0
Trient,3.0,87.0,48.0,0.0,0.0,51.0
Trimbach,3084.0,247.0,1959.0,0.0,794.0,422.0
Trimmis,26.0,43.0,2067.0,9.0,824.0,410.0
Trin,1.0,89.0,607.0,0.0,452.0,340.0
Trogen,3.0,56.0,556.0,0.0,470.0,888.0
Troinex,1581.0,65.0,569.0,0.0,260.0,112.0
Troistorrents,45.0,1098.0,1893.0,3.0,932.0,943.0
Trub,0.0,22.0,171.0,2.0,150.0,1051.0
Trubschachen,4.0,90.0,485.0,0.0,238.0,706.0
Trun,0.0,49.0,550.0,0.0,167.0,430.0
Truttikon,0.0,6.0,151.0,0.0,141.0,158.0
Trélex,24.0,272.0,695.0,0.0,293.0,175.0
Trüllikon,3.0,75.0,481.0,0.0,255.0,266.0
Tschappina,0.0,10.0,21.0,0.0,13.0,108.0
Tschiertschen-Praden,3.0,64.0,131.0,0.0,19.0,106.0
Tschugg,12.0,23.0,204.0,5.0,110.0,127.0
Tuggen,9.0,125.0,1264.0,0.0,1354.0,593.0
Tujetsch,3.0,293.0,399.0,0.0,298.0,227.0
Turbenthal,7.0,129.0,2440.0,0.0,1521.0,1003.0
Turgi,586.0,88.0,1299.0,6.0,349.0,671.0
Turtmann-Unterems,3.0,178.0,595.0,1.0,124.0,240.0
Twann-Tüscherz,49.0,168.0,526.0,2.0,204.0,234.0
Tägerig,0.0,63.0,801.0,0.0,500.0,152.0
Tägerwilen,1626.0,145.0,1676.0,2.0,1046.0,571.0
Täsch,0.0,92.0,865.0,0.0,205.0,162.0
Täuffelen,14.0,295.0,1431.0,41.0,831.0,456.0
Tévenon,18.0,138.0,300.0,0.0,232.0,218.0
Törbel,5.0,71.0,233.0,0.0,60.0,149.0
Tübach,0.0,4.0,664.0,0.0,532.0,385.0
Udligenswil,0.0,229.0,957.0,12.0,798.0,403.0
Ueberstorf,4.0,111.0,809.0,8.0,851.0,662.0
Uebeschi,2.0,31.0,300.0,3.0,121.0,272.0
Ueken,0.0,58.0,356.0,0.0,406.0,171.0
Uerkheim,5.0,90.0,618.0,6.0,414.0,285.0
Uesslingen-Buch,4.0,60.0,464.0,0.0,271.0,340.0
Uetendorf,33.0,268.0,3181.0,2.0,1619.0,836.0
Uetikon am See,2215.0,133.0,1710.0,42.0,1771.0,320.0
Uezwil,2.0,17.0,170.0,2.0,165.0,154.0
Ufhusen,0.0,31.0,279.0,0.0,171.0,484.0
Uitikon,8.0,101.0,3053.0,0.0,1659.0,220.0
Ulmiz,12.0,18.0,148.0,0.0,122.0,153.0
Unterbäch,1.0,182.0,156.0,0.0,48.0,95.0
Untereggen,0.0,15.0,506.0,4.0,184.0,342.0
Unterengstringen,542.0,85.0,1628.0,0.0,1218.0,573.0
Unterentfelden,1285.0,402.0,1843.0,0.0,694.0,263.0
Unteriberg,15.0,141.0,1218.0,21.0,526.0,559.0
Unterkulm,31.0,332.0,1794.0,21.0,608.0,694.0
Unterlangenegg,0.0,74.0,293.0,7.0,263.0,502.0
Unterlunkhofen,0.0,56.0,764.0,0.0,522.0,205.0
Unterramsern,8.0,22.0,68.0,0.0,24.0,118.0
Unterschächen,0.0,67.0,169.0,0.0,99.0,405.0
Unterseen,990.0,344.0,2640.0,4.0,1037.0,744.0
Untersiggenthal,873.0,200.0,3142.0,18.0,1200.0,1995.0
Untervaz,0.0,25.0,1521.0,0.0,825.0,270.0
Unterägeri,82.0,886.0,4885.0,20.0,1406.0,1763.0
Urdorf,2425.0,107.0,4413.0,0.0,2400.0,927.0
Urmein,4.0,9.0,53.0,0.0,55.0,42.0
Urnäsch,20.0,146.0,946.0,2.0,251.0,1080.0
Ursenbach,0.0,55.0,364.0,0.0,136.0,394.0
Ursins,4.0,17.0,107.0,0.0,61.0,43.0
Ursy,170.0,143.0,1218.0,5.0,1352.0,562.0
Urtenen-Schönbühl,1152.0,79.0,1930.0,12.0,1349.0,1909.0
Uster,17928.0,478.0,7931.0,57.0,5656.0,3674.0
Uttigen,0.0,51.0,1022.0,0.0,811.0,306.0
Uttwil,696.0,85.0,633.0,3.0,140.0,386.0
Utzenstorf,886.0,218.0,1488.0,21.0,1220.0,668.0
Uznach,2620.0,160.0,1702.0,11.0,1556.0,530.0
Uzwil,6751.0,215.0,3347.0,9.0,2397.0,787.0
Vacallo,1285.0,228.0,1178.0,2.0,591.0,105.0
Val Mara,36.0,432.0,1629.0,2.0,771.0,157.0
Val Müstair,4.0,46.0,675.0,0.0,320.0,412.0
Val Terbi,8.0,116.0,1574.0,0.0,728.0,890.0
Val de Bagnes,107.0,4579.0,2255.0,2.0,1552.0,2329.0
Val-d'Illiez,15.0,44.0,1275.0,0.0,405.0,542.0
Val-de-Charmey,2.0,124.0,1005.0,3.0,587.0,952.0
Val-de-Ruz,5765.0,334.0,6934.0,3.0,1721.0,2814.0
Val-de-Travers,3358.0,30.0,4875.0,11.0,528.0,1972.0
Valbirse,0.0,153.0,2836.0,8.0,565.0,445.0
Valbroye,730.0,193.0,1375.0,20.0,421.0,676.0
Valeyres-sous-Montagny,73.0,137.0,369.0,0.0,65.0,87.0
Valeyres-sous-Rances,195.0,144.0,173.0,0.0,22.0,81.0
Valeyres-sous-Ursins,0.0,35.0,145.0,0.0,45.0,23.0
Vallon,13.0,26.0,169.0,0.0,158.0,129.0
Vallorbe,1484.0,71.0,1758.0,6.0,352.0,280.0
Vals,0.0,291.0,327.0,9.0,137.0,221.0
Valsot,4.0,221.0,152.0,0.0,155.0,331.0
Vandoeuvres,1386.0,52.0,904.0,0.0,489.0,75.0
Varen,7.0,128.0,301.0,0.0,168.0,112.0
Vaulion,100.0,22.0,247.0,5.0,5.0,136.0
Vaulruz,52.0,55.0,516.0,0.0,230.0,262.0
Vaux-sur-Morges,0.0,9.0,101.0,4.0,27.0,69.0
Vaz/Obervaz,5.0,581.0,1463.0,4.0,565.0,315.0
Vechigen,4.0,258.0,2478.0,8.0,1181.0,1793.0
Veltheim (AG),0.0,147.0,793.0,0.0,411.0,229.0
Vendlincourt,0.0,41.0,322.0,0.0,67.0,146.0
Vernate,7.0,143.0,349.0,0.0,140.0,13.0
Vernayaz,41.0,444.0,727.0,0.0,424.0,199.0
Vernier,11754.0,547.0,11059.0,0.0,1872.0,9523.0
Versoix,5986.0,432.0,5619.0,0.0,803.0,481.0
Verzasca,5.0,355.0,225.0,2.0,143.0,187.0
Vevey,10299.0,214.0,6566.0,0.0,379.0,1855.0
Vex,12.0,1103.0,245.0,1.0,400.0,158.0
Veyrier,4229.0,447.0,4721.0,2.0,1516.0,1092.0
Veysonnaz,2.0,160.0,257.0,0.0,71.0,105.0
Veytaux,575.0,18.0,395.0,2.0,26.0,29.0
Vezia,309.0,177.0,1100.0,0.0,294.0,43.0
Vich,233.0,206.0,302.0,0.0,143.0,358.0
Vico Morcote,3.0,63.0,217.0,4.0,130.0,10.0
Villars-Epeney,13.0,6.0,42.0,0.0,19.0,14.0
Villars-Sainte-Croix,396.0,159.0,205.0,0.0,66.0,137.0
Villars-le-Comte,13.0,6.0,82.0,0.0,23.0,17.0
Villars-le-Terroir,494.0,159.0,295.0,5.0,214.0,180.0
Villars-sous-Yens,248.0,72.0,189.0,0.0,34.0,97.0
Villars-sur-Glâne,4785.0,688.0,2355.0,0.0,2381.0,2297.0
Villarsel-sur-Marly,0.0,7.0,24.0,0.0,28.0,15.0
Villarzel,113.0,28.0,226.0,0.0,70.0,89.0
Villaz,255.0,147.0,810.0,0.0,718.0,409.0
Villeneuve (VD),3030.0,63.0,1875.0,39.0,270.0,678.0
Villeret,92.0,40.0,565.0,10.0,73.0,161.0
Villigen,8.0,115.0,541.0,0.0,437.0,1087.0
Villmergen,1479.0,332.0,3282.0,0.0,1454.0,1122.0
Villnachern,0.0,48.0,1052.0,0.0,427.0,165.0
Villorsonnens,19.0,78.0,575.0,0.0,550.0,346.0
Vilters-Wangs,595.0,131.0,2230.0,8.0,1421.0,639.0
Vinelz,2.0,77.0,291.0,16.0,156.0,347.0
Vinzel,245.0,3.0,87.0,0.0,14.0,10.0
Vionnaz,679.0,558.0,597.0,0.0,503.0,496.0
Visp,136.0,301.0,3582.0,16.0,865.0,3294.0
Visperterminen,2.0,36.0,775.0,0.0,256.0,263.0
Vitznau,0.0,163.0,567.0,6.0,377.0,348.0
Volken,0.0,2.0,96.0,1.0,220.0,78.0
Volketswil,7070.0,212.0,5962.0,76.0,4115.0,1769.0
Vordemwald,5.0,44.0,1063.0,0.0,590.0,326.0
Vorderthal,8.0,18.0,440.0,0.0,178.0,412.0
Vouvry,1023.0,851.0,1486.0,0.0,582.0,479.0
Vuadens,75.0,211.0,1121.0,0.0,717.0,400.0
Vuarrens,516.0,66.0,297.0,5.0,114.0,111.0
Vucherens,112.0,45.0,287.0,0.0,93.0,96.0
Vufflens-la-Ville,611.0,182.0,342.0,10.0,107.0,105.0
Vufflens-le-Château,407.0,117.0,243.0,0.0,111.0,23.0
Vugelles-La Mothe,5.0,6.0,74.0,0.0,27.0,31.0
Vuisternens-devant-Romont,144.0,135.0,1002.0,2.0,677.0,484.0
Vuiteboeuf,238.0,27.0,180.0,0.0,90.0,58.0
Vulliens,228.0,41.0,172.0,0.0,89.0,96.0
Vullierens,209.0,51.0,171.0,0.0,72.0,61.0
Vully-les-Lacs,36.0,242.0,1378.0,2.0,1221.0,655.0
Vérossaz,161.0,69.0,337.0,0.0,73.0,192.0
Vétroz,2665.0,584.0,1531.0,0.0,1136.0,658.0
Wachseldorn,0.0,7.0,36.0,0.0,52.0,136.0
Wagenhausen,275.0,113.0,683.0,4.0,293.0,468.0
Wahlen,0.0,48.0,764.0,206.0,0.0,535.0
Walchwil,1.0,193.0,1678.0,5.0,1379.0,663.0
Wald (AR),199.0,22.0,294.0,0.0,101.0,357.0
Wald (BE),4.0,87.0,426.0,25.0,166.0,508.0
Wald (ZH),85.0,293.0,5054.0,55.0,2927.0,1965.0
Waldenburg,4.0,107.0,617.0,113.0,0.0,308.0
Waldkirch,0.0,134.0,1381.0,1.0,1078.0,1068.0
Waldstatt,612.0,60.0,538.0,0.0,224.0,421.0
Walenstadt,0.0,346.0,2402.0,10.0,1518.0,1566.0
Walkringen,3.0,85.0,678.0,0.0,235.0,872.0
Wallbach,356.0,149.0,543.0,0.0,707.0,296.0
Wallisellen,7007.0,499.0,3412.0,119.0,4488.0,1976.0
Walliswil bei Niederbipp,0.0,6.0,97.0,11.0,51.0,59.0
Walliswil bei Wangen,8.0,31.0,272.0,0.0,149.0,150.0
Walperswil,5.0,91.0,416.0,9.0,299.0,232.0
Waltenschwil,327.0,64.0,1242.0,0.0,1022.0,429.0
Walterswil (BE),0.0,27.0,119.0,0.0,46.0,373.0
Walterswil (SO),107.0,6.0,288.0,3.0,118.0,236.0
Walzenhausen,541.0,93.0,834.0,4.0,259.0,432.0
Wangen (SZ),186.0,256.0,2611.0,3.0,1342.0,1047.0
Wangen an der Aare,0.0,155.0,1125.0,6.0,653.0,478.0
Wangen bei Olten,1316.0,234.0,2193.0,2.0,1225.0,372.0
Wangen-Brüttisellen,1500.0,161.0,3890.0,7.0,1796.0,685.0
Wangenried,0.0,18.0,176.0,0.0,75.0,144.0
Wartau,1094.0,101.0,2028.0,1.0,1000.0,1155.0
Warth-Weiningen,179.0,65.0,582.0,1.0,188.0,375.0
Wassen,0.0,69.0,202.0,0.0,9.0,156.0
Wasterkingen,0.0,53.0,177.0,0.0,233.0,124.0
Wattenwil,0.0,202.0,1439.0,0.0,510.0,1043.0
Wattwil,2264.0,167.0,2761.0,1.0,1627.0,2251.0
Wauwil,7.0,121.0,982.0,0.0,955.0,407.0
Weesen,7.0,34.0,956.0,19.0,385.0,383.0
Wegenstetten,0.0,66.0,562.0,1.0,190.0,227.0
Weggis,11.0,429.0,2192.0,0.0,1162.0,789.0
Weiach,3.0,20.0,716.0,0.0,852.0,478.0
Weinfelden,6122.0,97.0,3078.0,0.0,1185.0,1241.0
Weiningen (ZH),579.0,83.0,2435.0,0.0,1239.0,391.0
Weisslingen,4.0,130.0,1668.0,3.0,1051.0,596.0
Welschenrohr-Gänsbrunnen,0.0,30.0,831.0,1.0,88.0,261.0
Wengi,2.0,11.0,240.0,12.0,145.0,243.0
Wenslingen,0.0,29.0,266.0,70.0,0.0,339.0
Werthenstein,0.0,99.0,670.0,7.0,418.0,1008.0
Wettingen,4641.0,608.0,11853.0,11.0,2822.0,1069.0
Wettswil am Albis,142.0,211.0,2951.0,3.0,1715.0,189.0
Wetzikon (ZH),10173.0,989.0,6584.0,69.0,5019.0,2673.0
Wichtrach,0.0,449.0,1990.0,14.0,1130.0,799.0
Widen,0.0,162.0,2649.0,0.0,847.0,197.0
Widnau,2885.0,63.0,4044.0,13.0,2393.0,621.0
Wiedlisbach,11.0,127.0,1393.0,8.0,458.0,494.0
Wiesendangen,981.0,212.0,2128.0,2.0,2651.0,751.0
Wiggiswil,0.0,7.0,37.0,0.0,12.0,47.0
Wigoltingen,612.0,84.0,978.0,4.0,548.0,445.0
Wikon,38.0,54.0,778.0,0.0,396.0,323.0
Wil (SG),8024.0,425.0,10145.0,14.0,3724.0,2163.0
Wil (ZH),3.0,63.0,570.0,0.0,543.0,326.0
Wila,1.0,86.0,890.0,5.0,511.0,554.0
Wilchingen,14.0,106.0,636.0,0.0,324.0,661.0
Wildberg,0.0,60.0,406.0,0.0,237.0,332.0
Wilderswil,13.0,155.0,1436.0,6.0,533.0,574.0
Wildhaus-Alt St. Johann,6.0,251.0,947.0,0.0,404.0,1229.0
Wilen (TG),1487.0,23.0,371.0,0.0,406.0,201.0
Wiler (Lötschen),3.0,127.0,333.0,0.0,56.0,61.0
Wiler bei Utzenstorf,0.0,80.0,404.0,0.0,309.0,224.0
Wileroltigen,0.0,7.0,174.0,0.0,67.0,131.0
Wiliberg,0.0,8.0,27.0,0.0,85.0,54.0
Willadingen,0.0,4.0,78.0,2.0,42.0,67.0
Willisau,3.0,636.0,3966.0,3.0,2474.0,2066.0
Wimmis,4.0,213.0,745.0,2.0,388.0,1264.0
Windisch,2867.0,263.0,3228.0,0.0,913.0,712.0
Winkel,230.0,239.0,1933.0,0.0,2170.0,277.0
Wintersingen,0.0,26.0,272.0,53.0,3.0,294.0
Winterthur,31685.0,1284.0,41891.0,333.0,25102.0,14921.0
Winznau,37.0,50.0,917.0,1.0,422.0,516.0
Wisen (SO),2.0,32.0,164.0,2.0,60.0,181.0
Wittenbach,245.0,46.0,5039.0,1.0,2870.0,1576.0
Witterswil,0.0,35.0,911.0,0.0,354.0,180.0
Wittinsburg,2.0,8.0,107.0,68.0,2.0,253.0
Wittnau,7.0,78.0,379.0,14.0,502.0,429.0
Wohlen (AG),6483.0,210.0,6400.0,54.0,2724.0,1069.0
Wohlen bei Bern,275.0,623.0,4022.0,6.0,2341.0,2141.0
Wohlenschwil,5.0,53.0,646.0,3.0,749.0,314.0
Wolfenschiessen,6.0,74.0,752.0,0.0,580.0,747.0
Wolfhalden,463.0,84.0,651.0,1.0,237.0,527.0
Wolfwil,13.0,84.0,1064.0,2.0,664.0,564.0
Wolhusen,137.0,216.0,1935.0,21.0,1148.0,864.0
Wollerau,2164.0,332.0,2850.0,0.0,1420.0,539.0
Worb,102.0,554.0,6680.0,2.0,2840.0,1431.0
Worben,52.0,230.0,1090.0,17.0,632.0,564.0
Wuppenau,0.0,31.0,454.0,5.0,332.0,407.0
Wynau,6.0,88.0,966.0,0.0,293.0,320.0
Wynigen,8.0,91.0,535.0,0.0,473.0,1081.0
Wyssachen,23.0,67.0,389.0,0.0,105.0,617.0
Wädenswil,7774.0,1279.0,8165.0,29.0,5790.0,1955.0
Wäldi,34.0,30.0,475.0,0.0,161.0,397.0
Wängi,750.0,196.0,2323.0,0.0,900.0,702.0
Wölflinswil,0.0,58.0,379.0,0.0,283.0,320.0
Wünnewil-Flamatt,41.0,407.0,2586.0,8.0,1635.0,978.0
Würenlingen,3.0,187.0,476.0,3.0,936.0,3341.0
Würenlos,10.0,191.0,4040.0,0.0,1729.0,570.0
Yens,600.0,147.0,395.0,0.0,224.0,155.0
Yverdon-les-Bains,16995.0,570.0,9848.0,81.0,653.0,1516.0
Yvonand,630.0,533.0,1302.0,13.0,392.0,674.0
Yvorne,424.0,34.0,402.0,3.0,98.0,93.0
Zeglingen,3.0,0.0,120.0,52.0,0.0,365.0
Zeihen,14.0,81.0,302.0,2.0,473.0,328.0
Zeiningen,15.0,94.0,1004.0,0.0,1053.0,275.0
Zell (LU),0.0,105.0,1047.0,0.0,492.0,491.0
Zell (ZH),2.0,266.0,3101.0,8.0,1912.0,1194.0
Zeneggen,2.0,31.0,120.0,0.0,35.0,136.0
Zermatt,186.0,693.0,3821.0,8.0,682.0,403.0
Zernez,2.0,296.0,572.0,0.0,191.0,472.0
Zetzwil,0.0,65.0,595.0,0.0,513.0,214.0
Ziefen,5.0,56.0,608.0,258.0,0.0,731.0
Zielebach,4.0,40.0,174.0,0.0,68.0,93.0
Zihlschlacht-Sitterdorf,465.0,76.0,938.0,21.0,601.0,418.0
Zillis-Reischen,6.0,23.0,27.0,0.0,205.0,135.0
Zizers,0.0,82.0,2230.0,15.0,659.0,538.0
Zofingen,3834.0,639.0,4760.0,12.0,1770.0,1088.0
Zollikofen,2943.0,402.0,4851.0,0.0,1846.0,823.0
Zollikon,3392.0,259.0,6508.0,18.0,2573.0,556.0
Zuchwil,4027.0,92.0,3452.0,33.0,320.0,1178.0
Zufikon,11.0,117.0,2934.0,5.0,1124.0,532.0
Zug,12156.0,917.0,9006.0,3.0,5341.0,3864.0
Zullwil,0.0,13.0,384.0,0.0,115.0,146.0
Zumikon,4.0,113.0,3448.0,8.0,1414.0,616.0
Zunzgen,0.0,317.0,1419.0,368.0,0.0,612.0
Zuoz,3.0,74.0,926.0,2.0,156.0,69.0
Zurzach,154.0,626.0,4269.0,0.0,1422.0,1386.0
Zuzgen,3.0,59.0,293.0,0.0,327.0,234.0
Zuzwil (BE),0.0,7.0,315.0,0.0,81.0,163.0
Zuzwil (SG),1904.0,71.0,1459.0,4.0,928.0,511.0
Zweisimmen,7.0,265.0,1004.0,0.0,659.0,1238.0
Zwieselberg,0.0,29.0,82.0,4.0,64.0,166.0
Zwingen,31.0,125.0,1251.0,472.0,0.0,746.0
Zwischbergen,0.0,60.0,1.0,2.0,0.0,15.0
Zäziwil,0.0,108.0,736.0,29.0,322.0,450.0
Zürich,188787.0,391.0,98842.0,25194.0,9404.0,100947.0
Zürichsee (ZH),142.0,30.0,150.0,2.0,82.0,19.0
